method,repetition,literal_residual_rmse,perturbation_rmse,perturbation_energy,perturbation_max_abs
linear,0,0.21872908516760367,0.2159038639281817,0.0466144784591188,1.710104237873219
linear,1,0.2126459484370121,0.20962751213090516,0.043943693842192794,1.3381858787106715
linear,2,0.2121985336080839,0.2099275057233957,0.04406955765924633,1.408109139221978
linear,3,0.20292748172908018,0.19824635877654534,0.039301618768158735,1.6065408705090694
linear,4,0.17253108409605442,0.16728667823762694,0.02798483271577933,1.1239254507412375
linear,5,0.20351737884296162,0.20052048966595787,0.040208466775875515,1.2262766098767766
linear,6,0.18015308353480128,0.17672033755510183,0.03123007770558913,1.3998186914560917
linear,7,0.1915176820443276,0.1892955149244622,0.035832791970517294,1.1519976609674596
linear,8,0.18830686464460164,0.18548768021358727,0.034405679511018014,1.1590539300561313
linear,9,0.18908928614321513,0.18574021907865462,0.034499428983386614,1.263095941064691
linear,10,0.19314284855994696,0.1885512413740252,0.03555157062368591,1.1595078829421468
linear,11,0.20264522201133567,0.19967075557815656,0.03986841063315194,1.260793778506892
linear,12,0.17864529594374456,0.17368513249269887,0.030166525249006364,1.5499723209339082
linear,13,0.2195734444979679,0.21886355177891267,0.04790125429728079,2.1733355796750713
linear,14,0.19532305922458076,0.19243108641915038,0.03702972302045452,1.8521641340518953
linear,15,0.16874815038399657,0.1652444040652558,0.027305713074881534,0.9206398841407206
linear,16,0.20096666748838804,0.1981098470295517,0.03924751149007237,1.5559754591209922
linear,17,0.19463098057299552,0.19181256505463093,0.03679206011283702,1.2474178118002277
linear,18,0.20494942567936478,0.20197146724007037,0.04079247357910682,1.196986254694623
linear,19,0.196566259172326,0.19384857515292034,0.03757727008881741,1.4887033704481107
linear,20,0.26072854968772385,0.25862448708046853,0.06688662531763544,3.1704664904962563
linear,21,0.19062957260877308,0.18769875933087785,0.0352308242543508,1.708300062187639
linear,22,0.21883825690209788,0.21771484444474146,0.04739975349159797,1.564915392336114
linear,23,0.19551965255884374,0.19153941906671354,0.036687349056414104,1.2699364434663742
linear,24,0.19283413201635416,0.19031477072601222,0.036219711956494594,1.2504393238589318
linear,25,0.1916510963746469,0.18934962848906065,0.035853281808945286,1.197211037440517
linear,26,0.17090364651789985,0.16818228463502838,0.028285280865057705,1.6265262863309549
linear,27,0.22339972414589193,0.2208419274704592,0.048771156928867555,1.4952483192408068
linear,28,0.19725734620530133,0.19490071327582797,0.03798628803542651,1.2352400463844986
linear,29,0.18692795254210268,0.18276468418982117,0.03340292978700507,1.2595343354153279
linear,30,0.20512682465924395,0.20187345514422605,0.04075289189186785,1.5563996475491433
linear,31,0.1576828754942152,0.15298757301665028,0.0234051974975249,1.0188834643787417
linear,32,0.18595295032603762,0.18439593823815695,0.03400186203873019,1.0209545307270262
linear,33,0.20069701531980055,0.19809899813807527,0.03924321306330915,1.712388705197083
linear,34,0.17151246162624134,0.17003500852659073,0.028911904124637778,1.0007882936098045
linear,35,0.18789907695625305,0.18443577897094035,0.034016556564617564,1.279363112031801
linear,36,0.185773926595845,0.18424193868151748,0.03394509196912404,1.0904512354620155
linear,37,0.2025976785379421,0.19936080392103708,0.0397447301400422,1.7399768100152548
linear,38,0.15618359153571315,0.15255679011999893,0.0232735742117174,0.8938977479061527
linear,39,0.23588836149131573,0.23497129179239581,0.05521150796658722,2.3123749522692987
linear,40,0.2239850970169274,0.2203546163589798,0.048556156950713164,2.1444501980115453
linear,41,0.17591176752619633,0.17245409436914563,0.02974041466468219,1.0177315316693498
linear,42,0.2032938984287852,0.19975797220395408,0.03990324745903569,1.3278562057933732
linear,43,0.20339532826215231,0.19975663818099323,0.039902714497372246,1.3649100577363713
linear,44,0.21617869791971972,0.2135680207030208,0.04561129946700593,1.7854310094427377
linear,45,0.17767514898499198,0.17628564213272638,0.031076627622147676,1.1338186382301114
linear,46,0.20994946417110566,0.20856169929432927,0.04349798241253822,1.7535572006275721
linear,47,0.197045763447057,0.19333473587930577,0.03737832009752093,2.099456998789426
linear,48,0.16956488158424182,0.16665169220806975,0.027772786515813212,1.0805513578634065
linear,49,0.20499770472854567,0.20494737308215633,0.042003425733276575,1.6047246815929463
linear,50,0.16126223113072635,0.1573038844485236,0.02474451206259447,1.1262843543750447
linear,51,0.18811828740640363,0.18341852213044735,0.0336423542605174,1.141350524845953
linear,52,0.22046952217841007,0.21741752507899145,0.047270380211473874,1.7296900698946072
linear,53,0.22526878603625558,0.22314299767074544,0.049792797409486306,2.0344158855887975
linear,54,0.18175551499924147,0.17968438667763537,0.03228647881571799,1.2196860455425387
linear,55,0.2141608949093981,0.2137676094662242,0.04569659085690414,1.512303016722831
linear,56,0.2049721980710875,0.20420274919596168,0.04169876277918883,1.3668995695050654
linear,57,0.19230253672744926,0.1886005108068162,0.03557015267659199,1.4047241562475057
linear,58,0.19073414052253035,0.18794149554730893,0.03532200574855915,2.2948799006348364
linear,59,0.19744222763407365,0.1932191169199817,0.03733362714333756,1.0173287047088615
linear,60,0.17211522667102963,0.16722992419432894,0.027965847546041006,1.1396754687533253
linear,61,0.19268593971848325,0.18998611089885512,0.03609472233447207,1.2666098709963278
linear,62,0.20367381773984558,0.19998662319364377,0.039994649456396456,1.3067156128951105
linear,63,0.1928643009616703,0.1891523741190581,0.03577862063487612,1.1394531006250497
linear,64,0.1954195152162002,0.19337975507077115,0.03739572967123144,1.3188994093566528
linear,65,0.18856490129704984,0.18736751930885523,0.03510658729195423,1.2645233462908256
linear,66,0.21170040790064693,0.21119693189924982,0.04460414404365637,1.4974642545847356
linear,67,0.217943709269835,0.21616898010426852,0.046729027959319644,1.57342765115086
linear,68,0.18759635271479064,0.18192396353627022,0.03309632850874617,1.191135720480769
linear,69,0.21745006723758878,0.2148608731022213,0.046165194790248845,1.515245676679489
linear,70,0.21695634621920892,0.21470363976125767,0.04609765292673191,1.3833929735026966
linear,71,0.18440583293625443,0.1812993052011673,0.032869438066426004,1.1063343676259267
linear,72,0.2067769844059528,0.20476365410802286,0.04192815404367002,1.3045435455402097
linear,73,0.2901206848680712,0.28793328217672787,0.0829055749850632,3.058478798469102
linear,74,0.16677802941292463,0.16522066147398887,0.027297866977902433,1.0134103305635
linear,75,0.18248724481254225,0.17768399373150992,0.031571601628379256,1.5424951839931382
linear,76,0.18593399936109234,0.1851315252183957,0.03427368162968948,1.6266570244045067
linear,77,0.18746905852450246,0.18066005813880154,0.03263805660671515,1.6899114600532608
linear,78,0.2161276495416044,0.21355443489712225,0.04560549666422923,1.7410729484411631
linear,79,0.21410785637518148,0.21040611288133262,0.04427073233783209,1.805030268190417
linear,80,0.19014392296434723,0.1875358865097414,0.03516970872899461,1.0065116955518048
linear,81,0.20386813433487447,0.1998438566822468,0.039937567053634396,1.53600016643576
linear,82,0.20951295375028786,0.20554918762199276,0.042250468532061186,1.7042635003957876
linear,83,0.19611422657969682,0.19166009641649465,0.036733592558380025,1.200661972475598
linear,84,0.23011047111366162,0.2252312316941585,0.05072910773046772,1.5792031598516207
linear,85,0.22903730802646116,0.2284453942818637,0.052187298168596165,2.195766031481013
linear,86,0.1836748728045557,0.17978391610143196,0.03232225648876673,1.120084497756451
linear,87,0.2009830757361292,0.19858333638926154,0.03943534149149061,1.1743400133399862
linear,88,0.18812626799800725,0.18381630705006993,0.03378843473752559,1.5860362524349065
linear,89,0.15985334098504822,0.15413173095386365,0.02375659048683421,1.175394722768057
linear,90,0.1733005780485896,0.16935963847582394,0.02868268714466178,1.0657940364912495
linear,91,0.18371036583602338,0.17970468369648934,0.032293773342455284,1.083712404078745
linear,92,0.22180459679010422,0.2196892376659828,0.048263361146260675,1.4195933674860473
linear,93,0.1802812893607018,0.17801497606933525,0.031689331704966,1.3646885445165136
linear,94,0.19594305586531524,0.19385429717734529,0.037579488534122504,1.1853244283585787
linear,95,0.23998032358040888,0.2359636801844233,0.0556788583661768,1.6118743378291847
linear,96,0.1917141374964229,0.19018276120347832,0.03616948265897926,1.1942563163921947
linear,97,0.17621081256793106,0.17294872466375125,0.029911261362818034,1.1800630051477285
linear,98,0.16993500704239564,0.16854789454251265,0.02840839275471397,1.2006070534865008
linear,99,0.1729567186468292,0.16859499306679462,0.02842427168719253,1.1890079800044913
linear,100,0.18006664755353094,0.1751501765199673,0.030677584334975708,1.04922664528211
linear,101,0.18007283217907336,0.1745165905651404,0.030456040382480856,1.0997384999505015
linear,102,0.21189802874770744,0.2094739739265835,0.043879345752594986,1.49127133339616
linear,103,0.19406228944264622,0.19113581169168978,0.0365328985110411,1.2222079551959424
linear,104,0.17223673051333582,0.168145939232563,0.028273056880400764,1.0600563227896571
linear,105,0.2422809637444578,0.24075227315642128,0.057961657029984084,1.5093954929641267
linear,106,0.18682389836600902,0.18251328861713986,0.0333111005218434,1.8842908861089738
linear,107,0.20929609549452782,0.2054847153135593,0.04222396822749451,1.6875377697464373
linear,108,0.2221001165893552,0.21742546558910836,0.04727383308664054,1.5358545758936015
linear,109,0.18928974068480295,0.18597724480061648,0.034587535583628426,1.371820306772118
linear,110,0.18468190140369958,0.18207344923477053,0.03315074091624656,1.088714469628602
linear,111,0.211099587540591,0.20826699925864559,0.04337514298020068,1.48378480992923
linear,112,0.1923121450241554,0.1913759789866035,0.0366247653330809,1.1725033890126493
linear,113,0.24260569747759061,0.23998720325449985,0.05759385772591662,1.8478207505467525
linear,114,0.17103551960187374,0.16759320657165064,0.028087482888967966,0.8972421838658706
linear,115,0.19903955343234592,0.1965690036703646,0.03863937320395981,1.0072336811821172
linear,116,0.17507400251115207,0.16996289296678463,0.02888738498563869,0.9700820187183142
linear,117,0.18511229214635708,0.18323355616518935,0.033574536104941606,1.3869300272007563
linear,118,0.19554778906470505,0.19386897784904739,0.03758518057223442,1.665918973337506
linear,119,0.1740885669977439,0.1704965192941103,0.029069063091406926,0.8769858531255588
linear,120,0.19719264346438423,0.1951736048501118,0.03809273603018758,1.311837940222776
linear,121,0.19180530849546742,0.18976143183729882,0.03600940101294181,1.3719463995896592
linear,122,0.1911234640280017,0.18867468227516598,0.03559813573163483,1.1894968688983267
linear,123,0.176283655572036,0.17136224726788582,0.029365019788700042,1.0671208092376285
linear,124,0.1904842997158018,0.18806388085629153,0.035368023282729415,1.0958809315500435
linear,125,0.20937312211172202,0.20521344726432675,0.04211255893810862,2.1469183963150655
linear,126,0.19234602396403563,0.1897205757738955,0.035993896871978424,1.1260917407803748
linear,127,0.15028388339683196,0.1443651801777861,0.020841305247764647,1.0032797526837907
linear,128,0.1903543419014625,0.1885721089348449,0.03555944026813501,1.2355113735757655
linear,129,0.18673725218900644,0.1837432166814544,0.0337615696764479,1.114271636004971
linear,130,0.18520844799571076,0.18322979076603002,0.03357315622416314,0.8729655759066567
linear,131,0.21782456509960624,0.2170321292511358,0.04710294512728171,1.7778870706152061
linear,132,0.1730811893581967,0.16826787884219313,0.02831407905005099,1.2943712478606055
linear,133,0.17565946525114084,0.1730909576271914,0.029960479612298165,1.1941056469904188
linear,134,0.20689550223060432,0.20528113835050532,0.04214034576247931,1.7851908390978803
linear,135,0.1918962633433972,0.18981219982584327,0.036028671202725855,1.1070971126213338
linear,136,0.1741189700335471,0.17167652060017527,0.029472827725382404,1.314793279583206
linear,137,0.23104303470078408,0.2276203299245104,0.05181101459494296,2.5380036112753324
linear,138,0.17656844391342658,0.17326568361054928,0.030020997117030965,1.180401163835801
linear,139,0.18010706753818637,0.17774989277222927,0.031595024380539,1.2184780937629531
linear,140,0.19238332820289322,0.18856386615848045,0.03555633162063333,1.2771847642876124
linear,141,0.16013541980792492,0.1572585337951404,0.02473024645139732,0.9093087572292322
linear,142,0.21588617653403752,0.21520265536095656,0.04631218287440665,1.3831186819722436
linear,143,0.18933632231439054,0.18446652289425103,0.03402789806869524,1.1687150252105867
linear,144,0.18699871526248815,0.18351724584717125,0.03367857952333109,1.1903051103746325
linear,145,0.20117852210368128,0.1959333776402675,0.038389888473523676,1.278033812959533
linear,146,0.1789329512235545,0.17544682343728277,0.030781587854233072,1.4219107896663716
linear,147,0.1767715727946707,0.1750574790068531,0.03064512095623481,1.136386802107247
linear,148,0.16704053547249298,0.16311785662906364,0.026607435151259764,0.9160799791938207
linear,149,0.18613169713113026,0.18233172588417385,0.033244858263901514,1.4074410405049
linear,150,0.21359369231437605,0.2109261215274869,0.044489828742628176,1.5083321198683632
linear,151,0.20255850218200025,0.20012775358917287,0.0400511177566487,1.2081206067544235
linear,152,0.1732929730842702,0.17006791511596445,0.028923095751890886,1.034630693578632
linear,153,0.21076038371106412,0.20953822991924725,0.04390626979769133,2.552344577076711
linear,154,0.18840206503345563,0.18594219841487578,0.03457450115135703,2.3112393415115697
linear,155,0.19845424805613765,0.19578385637033038,0.03833131841523816,1.1899248868710048
linear,156,0.17348095174148012,0.17066689164581816,0.02912718790404544,0.8397749609161915
linear,157,0.17966263604919344,0.17464559465879256,0.03050108373372328,1.1317560252049275
linear,158,0.20020910683041376,0.1973461090659643,0.03894548676347548,1.2298881708394074
linear,159,0.20334069211597172,0.1997501318019555,0.039900115154898594,1.5248184303814838
linear,160,0.19302592771465021,0.18995994899180513,0.03608478222096921,0.999686247721585
linear,161,0.20261435970739608,0.19798741495514618,0.03919901648062124,0.9707720117750662
linear,162,0.1950859672563477,0.1923599482793739,0.0370023497020434,1.2977580480834938
linear,163,0.18641409971279874,0.18393772140806564,0.033833085356791165,1.301621473085521
linear,164,0.170821571705954,0.1662136307649874,0.02762697105207957,1.028111968907485
linear,165,0.1693928106450344,0.16717926706649608,0.027948907336890816,1.2520628889579488
linear,166,0.20024955046264847,0.19788431997120132,0.039158204090464784,1.6304110134817342
linear,167,0.2092542164842195,0.20407431459635128,0.041646325877970555,1.2049785147689007
linear,168,0.2214379318884292,0.22042748599565132,0.04858827658236306,1.9869489211305384
linear,169,0.1990656573721823,0.19440234354058644,0.03779227117407219,1.5159220976472845
linear,170,0.2066783343715781,0.2027403992031759,0.04110366946906313,1.3363575143409154
linear,171,0.17652220855927994,0.17331643798716898,0.03003858767656019,1.1879620045577446
linear,172,0.17043777837040555,0.167719490666385,0.028129827549391605,0.9113635175110458
linear,173,0.20334192000547321,0.1994391578123782,0.039775977668910695,2.2641727357151167
linear,174,0.1721910125601874,0.16892143202880897,0.02853445019866353,1.1726218504580481
linear,175,0.23269581990825303,0.23060302649705058,0.05317775582959942,1.5588331137158722
linear,176,0.18625567231674714,0.18569019199781628,0.034480847404185874,1.4015054197419292
linear,177,0.18951587387147364,0.18585708004611762,0.03454285420326897,1.2656020500211091
linear,178,0.15746417983121588,0.15296333919577929,0.023397783137923026,0.847250358605664
linear,179,0.16033064576774367,0.1574036114404298,0.0247758968944898,0.9630150784208186
linear,180,0.21491378558531848,0.21205916254828186,0.04496908842067863,1.625620219477878
linear,181,0.21777341346554172,0.21515885649542962,0.04629333352842088,2.4117189884686723
linear,182,0.21990484998810075,0.2178522987431995,0.04745962406769624,1.81831102661164
linear,183,0.17200594338879027,0.16816153596921044,0.028278302179524054,0.9843202323111792
linear,184,0.2037099263403132,0.20101211409796255,0.04040587001413232,1.3765773473415333
linear,185,0.21151612175701967,0.2062813552472344,0.04255199752263572,1.4989882014855067
linear,186,0.20025146408380645,0.196449282589963,0.038592320630111136,1.2908196733377528
linear,187,0.19109327372190793,0.18757359145343414,0.03518385221073982,1.071204682717069
linear,188,0.19021685339912087,0.18975286215342033,0.036006148695414936,1.056239706467814
linear,189,0.18345821058625883,0.18017944642402575,0.03246463291366836,0.9370271254535442
linear,190,0.21573017644586975,0.2134480744514087,0.04556008048701411,1.7892154477391928
linear,191,0.19174740346336328,0.18630220944244433,0.034708513243136396,0.903854247804473
linear,192,0.20188411098212106,0.19886524099289202,0.039547384075161014,1.3684250978649182
linear,193,0.1965747849675157,0.1922701948247515,0.0369678278179479,1.288361149796887
linear,194,0.17137180041613684,0.16705051219865324,0.027905873625832397,1.0237359327291125
linear,195,0.18887239198188527,0.18664654037858866,0.03483693103529613,0.9319724275359241
linear,196,0.22165593714103243,0.22096453173777908,0.048825324286095984,1.8585458292165808
linear,197,0.17522334141752963,0.1724616070625536,0.02974300591059863,1.135717232433066
linear,198,0.1951113359790535,0.19270500967318652,0.03713522075314291,1.0833500597009627
linear,199,0.19084251179929088,0.18697309512396776,0.034958938300236296,1.448638505742617
linear,200,0.1755645930856885,0.1715284008502774,0.029421992298253444,1.004657235846896
linear,201,0.22210956912107552,0.2200401347450326,0.0484176608986121,1.4805223656018347
linear,202,0.17839501558068416,0.17631870292919574,0.031088285002633984,1.3541152281414206
linear,203,0.19187943366957785,0.18889084605236736,0.035679751722379145,0.9918676529099181
linear,204,0.20380151302273586,0.20048645914723434,0.040194820301395665,1.58713819139203
linear,205,0.18766181539216498,0.18370529595255103,0.03374763576101436,1.2063112972580539
linear,206,0.1975653787828286,0.19373117310318133,0.03753176743193481,1.4443285190387518
linear,207,0.16433581301425482,0.16162391279388721,0.026122289186806057,0.9300076157482928
linear,208,0.17511149575803264,0.16947939622163916,0.02872326574365136,0.9442342615317545
linear,209,0.2303201687703331,0.2290146451223828,0.052447707680530926,2.137062139175348
linear,210,0.18672918412101472,0.18484509949359887,0.034167710806798465,1.1177176354290272
linear,211,0.2112494653603388,0.21063681243668747,0.04436786675348826,1.277529167701707
linear,212,0.21728602374976488,0.21438449082687513,0.04596070990709851,1.2217502790555768
linear,213,0.19094867990552158,0.18815376723333813,0.03540184012409719,1.449095524462453
linear,214,0.2157352449806474,0.21224394205291308,0.04504749093816032,1.4824164282532928
linear,215,0.19219883618758712,0.1873680020278298,0.035106768183900836,1.2988293700604647
linear,216,0.1830749640845328,0.17842297797416437,0.03183475906916915,1.4265538431972256
linear,217,0.210716367763825,0.2076156669381734,0.04310426515818255,1.4143365769348353
linear,218,0.2293055997898704,0.22724634947051534,0.051640903347675585,1.5713453550568495
linear,219,0.18667190624940297,0.1828727973556391,0.033442460012676645,1.0872974049052968
linear,220,0.20473312313406025,0.20160101697181407,0.040642970044069665,1.3551844606105803
linear,221,0.1758070590002353,0.17529441124555473,0.030728130613925667,1.3406271288140943
linear,222,0.18681476145282097,0.18357688509268102,0.033700472740331416,1.6640833437035494
linear,223,0.20591700787193098,0.20143035898910167,0.04057418952247837,1.1119039646377038
linear,224,0.19828138989167024,0.1969518516753191,0.03879003187833689,1.5855931399294325
linear,225,0.1865699920571995,0.18313414458699023,0.03353811491360864,1.289145881115169
linear,226,0.16705047452256283,0.1614579861922882,0.026068681305269133,1.1713184052216667
linear,227,0.1753330982438043,0.1730383307691344,0.02994226391536837,1.2721221291985507
linear,228,0.20762678628551676,0.2048306853294559,0.04195560965253457,1.5927456212599462
linear,229,0.1991259380676521,0.19645746025383123,0.038595533689385675,1.8744290095467937
linear,230,0.19023991225815548,0.1865934652312103,0.03481712126699088,1.1721713937184945
linear,231,0.19931968462613783,0.19544031428863295,0.03819691644923962,1.7486957033945907
linear,232,0.21104016049065802,0.20737758734203424,0.043005463731803036,1.3323412202355063
linear,233,0.20837165536871272,0.2037765033959614,0.04152486333628427,1.0937176863890903
linear,234,0.1790153424633447,0.174980662839207,0.030618232367648237,1.1855048314749246
linear,235,0.18214235393820283,0.17735465188872318,0.03145467254657018,1.7027297514531805
linear,236,0.21036012924704986,0.20607049719315207,0.042465049813432895,1.8585355397618244
linear,237,0.20120948813229278,0.19953744481889074,0.039815191884851865,1.2657465880970051
linear,238,0.2044643186221723,0.20224892044092876,0.04090462581952113,1.1935463769772094
linear,239,0.19331907850873747,0.1908325191579718,0.036417050368177675,1.1630215001427033
linear,240,0.19517157650114514,0.19048892798433983,0.03628603168462301,1.306491099451049
linear,241,0.20026360718063088,0.19568082474215476,0.03829098517176989,1.2432727402016819
linear,242,0.211145318870592,0.20630229836415007,0.0425606383103308,1.4316429745324228
linear,243,0.2097821312447194,0.2069426657155589,0.04282526689346155,1.5978341060065306
linear,244,0.1826626117422211,0.17916264938397575,0.03209925493428542,1.0353753888235495
linear,245,0.17561447303094976,0.17344130979732927,0.030081887944213143,1.4385590265400017
linear,246,0.19120502695266073,0.18672134056648293,0.034864859022944505,1.525300373043967
linear,247,0.199205390817293,0.19699868273748558,0.0388084810003045,1.1243161321497464
linear,248,0.2065073895614622,0.2055186486460501,0.042237914941298596,1.5604977201759875
linear,249,0.17286742342527397,0.16807252356323474,0.028248373176914098,0.8173508403080987
linear,250,0.1777071166127157,0.1760665056344116,0.03099941440631229,1.0017540936987361
linear,251,0.19515511111889247,0.1905990228778776,0.03632798752200171,1.3369435815296236
linear,252,0.21075038554291042,0.21037902098863545,0.04425933247213672,1.4301197564037247
linear,253,0.2005494104427253,0.19728791191327072,0.038922520187098464,1.2803765761934374
linear,254,0.23416918886075877,0.22980359508476245,0.052809692313881454,2.3333900250768704
linear,255,0.2093367368747526,0.20503694104816425,0.04204014719438838,1.4481457467559604
linear,256,0.19564686591530545,0.19184246912071373,0.036803532958332,1.3911668194551754
linear,257,0.22000658370348583,0.21799917548506545,0.04752364051216836,1.9479146613640785
linear,258,0.196465231112167,0.19422466499202531,0.03772322049126446,1.6658016017202693
linear,259,0.18436419289936098,0.17974484794992995,0.03230821036454344,1.3279361541369634
linear,260,0.1792559999019037,0.17756312314975034,0.03152866270269341,1.3277601505435512
linear,261,0.17131235837327918,0.16705573483819064,0.02790761854232786,0.8991483064544161
linear,262,0.2042746363998422,0.20158615495883603,0.04063697787108785,1.144217885713415
linear,263,0.2161115716529748,0.21356644272667857,0.045610625458927676,1.923331150179681
linear,264,0.20699725348748776,0.2037205632906452,0.04150206790745777,1.3766507820931262
linear,265,0.19409242657059755,0.190212602745743,0.03618083424330984,0.9506541486468341
linear,266,0.19946112430482965,0.19905550565381847,0.039623094331097355,1.2648678446477604
linear,267,0.1752997154050285,0.17053331109740702,0.029081610193845007,1.2577268556022856
linear,268,0.2254177652992634,0.2263147926025564,0.051218385350738124,1.4121237104400766
linear,269,0.19831367063370342,0.1948646412068999,0.037972228392693826,1.4799281222618084
linear,270,0.197333553047276,0.19663419568167836,0.03866500691138058,1.535699515199714
linear,271,0.18787423904375752,0.18452682883227087,0.034050150558894196,1.1839747172644284
linear,272,0.1717407079962709,0.16956759091416296,0.02875316788843292,1.2010853387504516
linear,273,0.20497169466110352,0.2030062649351341,0.04121154360291386,1.9030434460104741
linear,274,0.19294332863639665,0.1912667628187134,0.036582974559149974,1.3288198099842328
linear,275,0.21071436323148185,0.20921075559258495,0.043769140255620315,1.5429182122070526
linear,276,0.18847499692948866,0.18414561649196826,0.03390960807320705,1.0551989271838256
linear,277,0.26616981637431975,0.2635930972156196,0.06948132089972306,1.8276685307161828
linear,278,0.21367221764662653,0.2108155613828126,0.04444320092115042,1.6574607727897113
linear,279,0.22036077291186248,0.2161974971210325,0.04674135776139886,1.339833203024869
linear,280,0.1816125396237682,0.17987382494652937,0.032354592900894694,1.3848903628627827
linear,281,0.1938213052462642,0.19090544523555217,0.0364448890205844,1.5545300426590773
linear,282,0.1950171357636709,0.1940186886064641,0.03764325152857208,1.2972364350861243
linear,283,0.22310439631964107,0.21881354988650878,0.04787936961393567,1.3479036908876998
linear,284,0.20581700497780667,0.20332407504547975,0.041340679493099886,1.1424211865239096
linear,285,0.20035822375556125,0.19821537990956592,0.039289336832693554,1.0609515245271388
linear,286,0.1981047895580213,0.1961755168436996,0.038484833408892666,1.2885373736576033
linear,287,0.18537007634472186,0.18148623771599837,0.03293725448030787,1.3381283197005829
linear,288,0.1971216267334503,0.19466008079411148,0.03789254705477001,1.2233526706661464
linear,289,0.19306690261903192,0.19050849797538766,0.036293487800838284,1.1608047752745385
linear,290,0.2162338007971012,0.21261878523552188,0.04520674783502898,1.5014695536493896
linear,291,0.2039643185675832,0.20166203681542852,0.040667577092547244,1.3989733329037402
linear,292,0.17413964314368,0.17134855635135365,0.029360327763693017,0.980455990439991
linear,293,0.1842973930765343,0.18312101099264108,0.033533304666966975,1.2360810721578648
linear,294,0.2072268238355427,0.20455555378076948,0.04184297458255727,1.3553134522874075
linear,295,0.1710930624411702,0.16878715537738914,0.028489103820390903,1.0908410321680426
linear,296,0.20191201340380133,0.20046531062788336,0.04018634076513376,1.4231827507300705
linear,297,0.1941180436352276,0.19093502128579748,0.03645618235340794,1.406660919994916
linear,298,0.21098805365904172,0.21122949290258128,0.04461789867188164,1.68184109016813
linear,299,0.20200712992892234,0.19953244116993826,0.03981319507923488,1.4374002007205362
linear,300,0.22059628017405142,0.21651765250977006,0.04687989384834154,1.5633945657068264
linear,301,0.19329115622157667,0.18879312965930167,0.03564284580655389,0.9970528600230704
linear,302,0.19101642994984933,0.1892292206673315,0.035807697954365635,1.4353551804290472
linear,303,0.17592198499964942,0.1729985099362605,0.029928484440166426,1.3958954235555565
linear,304,0.20641528095758047,0.20301495487214952,0.04121507190174091,1.43708810160113
linear,305,0.21075002772457796,0.20758460313960658,0.043091367460627965,1.3721608207392089
linear,306,0.18243578306244435,0.1789113486119882,0.032009270662160375,1.076267080927738
linear,307,0.1941865614376598,0.19001672017832608,0.03610635394732827,1.2923589926963697
linear,308,0.17230526396934498,0.1696541306628314,0.028782524050961066,1.2016186685292052
linear,309,0.2175025069919968,0.21356936651198516,0.045611874312330644,1.986174871499815
linear,310,0.16931698345312193,0.16673011770382976,0.027798932149532926,0.911123683841605
linear,311,0.23047702102780257,0.22874743130827235,0.052325387330132776,1.8091368473948417
linear,312,0.17587198119849098,0.17410175008289822,0.030311419381927947,1.220893531977219
linear,313,0.21485542097614982,0.21336003468432652,0.045522504400497016,1.1353296043433283
linear,314,0.17946647326764023,0.17795587354611128,0.03166829292955955,1.051480874503202
linear,315,0.23031493427465446,0.2269104246316155,0.05148834080650007,2.35818358062762
linear,316,0.16981149982085944,0.1652547873603977,0.027309144745530256,0.9612789224261894
linear,317,0.23717177816108753,0.23672343275635135,0.056037983615950804,1.3880832790060107
linear,318,0.20047042548344352,0.1971707535787176,0.03887630606679938,1.2110135281323942
linear,319,0.2049525455022498,0.2012334162902691,0.04049488783185275,1.2604730677589435
linear,320,0.18239336542222062,0.1787838928638149,0.03196368034754005,1.1127206283050934
linear,321,0.1806161034769819,0.17741315389726617,0.03147542717577505,1.2533805611160524
linear,322,0.2536660640363289,0.2526568238797629,0.06383547065300954,2.7297496977640496
linear,323,0.16069346079375646,0.15802819105799623,0.024972909169062557,0.8365502914878754
linear,324,0.21106360742142732,0.20767512964320115,0.0431289594723204,1.2633975939994146
linear,325,0.1804750802761266,0.17585746549524703,0.030925848170412003,1.3762337790922723
linear,326,0.15995305948918034,0.15618016814461552,0.02439224492168038,1.0579455551954902
linear,327,0.20348532742305775,0.20208120502942198,0.04083681342614329,1.281126444084224
linear,328,0.20393722299525044,0.20329948689013227,0.04133068136979107,1.4030080982218904
linear,329,0.22053648404374088,0.21754822820887568,0.04732723159682105,1.2485692177373833
linear,330,0.199913076521928,0.19524659617441917,0.038121233317696714,1.1512198600207595
linear,331,0.18595423626419022,0.18112627429500616,0.03280672723998981,1.3573671851027151
linear,332,0.21135525050946566,0.20957496972597772,0.043921667935644476,1.7154707227369423
linear,333,0.20372368431032267,0.20071302019402096,0.040285716475405464,1.4825830180602502
linear,334,0.20424563572050908,0.20074877862970977,0.040300072121320224,1.3693688384480402
linear,335,0.1763369768901385,0.17375154933975112,0.030189600897963964,1.048651494041021
linear,336,0.20395603856387584,0.1994073460635842,0.03976328966412203,1.2010101887362585
linear,337,0.20010721512010804,0.19636346471121743,0.03855861027339354,1.527696081421945
linear,338,0.19253578214740721,0.1894270168100243,0.035882594697545234,1.171947611258559
linear,339,0.1880449456970029,0.18502948634004887,0.03423591081526233,1.4747458740899053
linear,340,0.1967809093819919,0.19296326959947124,0.03723482341451822,1.1413672349622483
linear,341,0.23069949813070406,0.22788510321564504,0.051931620267605186,1.646852521030307
linear,342,0.2051357564294947,0.20318837879619134,0.04128551727782454,0.9462322306939361
linear,343,0.18990317270529755,0.18782969424680163,0.03527999404084698,1.0831755055483505
linear,344,0.1858087571689809,0.1817246922573454,0.03302386377602688,1.4665578905452212
linear,345,0.19927825260828155,0.19672248657577857,0.03869973672455738,1.268002602518385
linear,346,0.16334393102706327,0.1616873435997153,0.02614279708033239,1.2172571507794687
linear,347,0.19631415434929275,0.19530050717462322,0.03814228810266505,1.4982525171357892
linear,348,0.2028640769181848,0.19764408798357944,0.03906318551486089,1.351531004229931
linear,349,0.2149290790753675,0.21228615032200274,0.045065409618535945,1.3271314375345953
linear,350,0.2121549148301707,0.20889342321311524,0.043636462261693675,1.2159258397937154
linear,351,0.2206761015380187,0.21746246222358115,0.047289922476342464,1.8021983822233514
linear,352,0.21765380868753734,0.21650879838279863,0.046876059777163345,1.8554453185620468
linear,353,0.2129779146533394,0.2091995210214078,0.043764439595586443,1.6457925270033038
linear,354,0.20206254618240477,0.19871860135867586,0.039489082525948335,1.3497563224874876
linear,355,0.2013421401836391,0.20021313245590922,0.040085298407807446,1.590569684834987
linear,356,0.2361804492956375,0.23431783016501273,0.054904845533239745,1.8603638306097001
linear,357,0.20317532104967562,0.20138296098001743,0.04055509697307923,1.7237476156713356
linear,358,0.20153985852307574,0.1976757933075041,0.039075719259751084,1.315771411224514
linear,359,0.22649854698838254,0.22253676314698173,0.049522610951935844,1.5056245798757475
linear,360,0.204215220939781,0.20194724413329648,0.04078268941303325,1.3315637331076824
linear,361,0.1733445936163903,0.16902097537407232,0.028568090116402763,1.0083434304938006
linear,362,0.18911682870660115,0.18475626492228905,0.03413487742803506,1.0413208682967148
linear,363,0.1896479788057612,0.18581470329977204,0.03452710396238231,1.2239793002576949
linear,364,0.21106247811229034,0.20872892993669653,0.04356776619251837,1.276290281690548
linear,365,0.18734986036073964,0.18461463644452306,0.034082563989543416,1.01880478631396
linear,366,0.20746558440419147,0.20446591882564744,0.04180631196121625,1.5471601191634874
linear,367,0.2104333010830676,0.20594004145445563,0.04241130067426291,1.5580129663079465
linear,368,0.22246348386649456,0.21903977133809258,0.04797842142784388,1.8760865153855644
linear,369,0.23663845835580766,0.2349396896830016,0.055196657788345094,2.257310078702555
linear,370,0.19438847507358523,0.19310760923451445,0.03729054874426993,1.1265434586050675
linear,371,0.1677385294649462,0.1635590197525497,0.026751552942414936,1.045293575257634
linear,372,0.21642950071645264,0.21226045501950672,0.04505450076508803,1.7433414369090814
linear,373,0.22092300256385627,0.2164581053148203,0.04685411135648183,1.9702762729665497
linear,374,0.18653619508147282,0.1824847393481443,0.033300680094960164,1.3319820578121986
linear,375,0.1816735481806291,0.17839439015067945,0.031824558437232836,1.1712300801873665
linear,376,0.18342701910256948,0.1825391653116234,0.03332054687266417,2.278013913987405
linear,377,0.19423021369003907,0.190035498587658,0.03611349072345976,1.4744920432024433
linear,378,0.19274342996702992,0.19077573975860615,0.03639538288044342,1.3178634021127418
linear,379,0.22243820029707653,0.21916305438481187,0.04803244440728001,1.437823416626635
linear,380,0.20905568632962818,0.20709800100261472,0.042889582019279004,1.3064930745676728
linear,381,0.1895769840189296,0.18775094831778438,0.03525041859422734,0.935380945839438
linear,382,0.20883107414624025,0.20554599956008332,0.04224915793515377,1.6292678278185213
linear,383,0.1720662508339161,0.16814221413655714,0.028271804174743835,0.8952810866149684
linear,384,0.2071968386688059,0.20518514706217764,0.04210094457492747,2.0591295136665773
linear,385,0.23182652714598842,0.22746147160772642,0.051738721065952537,1.635473438333457
linear,386,0.21492123087368548,0.21257501111694296,0.045188135351368425,1.4657556533174616
linear,387,0.19014340910740296,0.18701173414457506,0.03497338870776122,1.5280241950406237
linear,388,0.17265195523785642,0.167994925608034,0.028222295030048878,0.9988507064319145
linear,389,0.17803179748260498,0.17356326495727994,0.03012420694263096,0.9086777023767151
linear,390,0.2106346910681617,0.20939503421909558,0.043846280355616205,2.0367884097188136
linear,391,0.20075898852931345,0.19713034041379754,0.0388603711116597,1.1870877471981092
linear,392,0.1885400984026623,0.18663784436463324,0.03483368494907706,1.45863392188349
linear,393,0.2508571936175613,0.2488300458259031,0.06191639170572103,1.6293614536284753
linear,394,0.19374082978720156,0.1909972724502288,0.03647995808342693,1.9490069120042117
linear,395,0.20382677212709807,0.20239251198051517,0.04096272890578298,1.7710631117398483
linear,396,0.1830033155372886,0.17990125536913018,0.03236446168338899,1.06943165613993
linear,397,0.2166147344265363,0.2124831052744399,0.0451490700270687,2.1781236426074546
linear,398,0.18317665419722753,0.18012123406002847,0.03244365895930756,1.831077259921572
linear,399,0.1977544979619009,0.1945528043310198,0.03785079367306408,1.3260251715731535
robust,0,0.2274092436022087,0.22513743299686856,0.05068686373641948,1.9274461616671559
robust,1,0.22123223788041518,0.21812333745777768,0.047577790343719555,1.497823673274124
robust,2,0.2207057329843593,0.21883758626531902,0.04788988916243095,1.5539647305383844
robust,3,0.21092627813062972,0.20663678267877197,0.04269875995583404,1.813881339942751
robust,4,0.17606414126273062,0.17142832364982655,0.029387670149389682,1.2558986422829475
robust,5,0.21112833389319907,0.20848645058743925,0.043466600078548745,1.365648057173138
robust,6,0.1849666516995265,0.1818901398682547,0.03308402298129325,1.5630362783905796
robust,7,0.19512502407240545,0.193598599519285,0.0374804177358285,1.137122823369373
robust,8,0.19408568902663623,0.19133559806236933,0.03660931108588455,1.2713148430015104
robust,9,0.19452421656426708,0.191908872091238,0.03682901518733114,1.4160129778080526
robust,10,0.19899620675300864,0.19414815403405689,0.03769350571483188,1.272722214513632
robust,11,0.2110984029986497,0.20783756969959732,0.04319645537863498,1.4104680782603058
robust,12,0.18380652378914622,0.17951302535279173,0.03222492627131205,1.7516739181261858
robust,13,0.22808980187854283,0.2279772371203472,0.051973620645027016,2.48124424264524
robust,14,0.2035301655229715,0.20102858785162822,0.0404124931336198,2.098377232555698
robust,15,0.1718785019637702,0.1688477757344984,0.028509571370487475,0.9936926463693284
robust,16,0.20754619600832158,0.20468826070266274,0.041897284069481226,1.714490859929455
robust,17,0.20166228523013613,0.19883873916337227,0.03953684419207959,1.4064644169165856
robust,18,0.21108211752185113,0.2081976468918776,0.04334626017131495,1.2705960748778353
robust,19,0.20429980373273277,0.2013688911143013,0.04054943030860334,1.6743481173676567
robust,20,0.2718331064671118,0.27003686228854773,0.0729199069946441,3.497135368813256
robust,21,0.19651849142662223,0.19420693935692046,0.03771633529438258,1.862132277521714
robust,22,0.225760856081859,0.22539999632305363,0.05080515834243259,1.7589328505022868
robust,23,0.20182016778854805,0.19796639806620445,0.039190694763306916,1.4453261718264645
robust,24,0.19990034778259141,0.19718797021951914,0.03888309559929397,1.3973907108395989
robust,25,0.19653442353134987,0.19470135836201863,0.0379086189480152,1.2855201618278989
robust,26,0.17607673896062603,0.17384845260744952,0.030223284474004627,1.8232516595022066
robust,27,0.2325433028039497,0.23033621426643397,0.053054771602592574,1.6823419213772577
robust,28,0.2031930856490618,0.20111126969259355,0.040445742797367096,1.3858079890201433
robust,29,0.19340847616662135,0.18984555332610398,0.036041334117694585,1.43641119848576
robust,30,0.21176740370036753,0.20878338155163012,0.04359050041213357,1.650679415909348
robust,31,0.16090387185820074,0.15624876717539152,0.024413677243829708,1.136825295078669
robust,32,0.19076118380742246,0.18933473583832927,0.03584764219496993,1.1320985672818498
robust,33,0.2087232066530585,0.20653529839021187,0.04265682948113385,1.9748394052239295
robust,34,0.17501916313626914,0.17383244521220673,0.030217719008454855,1.1174707335731875
robust,35,0.19475081058578608,0.19160356944286377,0.036711927823246324,1.425922431464356
robust,36,0.18971293535809672,0.18848882692783966,0.0355280378766331,1.2169056917402712
robust,37,0.20948782307507535,0.20711856800247302,0.04289810121139505,1.955377934748395
robust,38,0.1575237116526722,0.15439101281031298,0.023836584836594225,0.9869640780829717
robust,39,0.2474672642956319,0.24689072487344543,0.060955030028535334,2.607869048146708
robust,40,0.23306635334973494,0.22916462508090713,0.05251642538847273,2.3874722297806
robust,41,0.17977261241436251,0.17660128294033509,0.03118801313617229,1.1138889590037921
robust,42,0.20901801449181343,0.20564184282399586,0.04228856752004902,1.4688682052567799
robust,43,0.21305889496140176,0.20909871908915778,0.043722274324726515,1.5349431976043058
robust,44,0.22560392893590575,0.22327498482485977,0.049851718848541365,2.026367184652342
robust,45,0.18202021605644228,0.18116333900845213,0.03282015540069135,1.2600367604224292
robust,46,0.21732276510013174,0.21614506939020106,0.04671869102169483,1.9813880607802534
robust,47,0.2050248828450196,0.20143302851327768,0.04057526497603094,2.378848224127774
robust,48,0.17422778100107844,0.17148104249887458,0.02940574793650083,1.2117997235940048
robust,49,0.21188881976194437,0.21191229375227535,0.04490682024335064,1.8054558998067816
robust,50,0.1636417398322755,0.16000829916006432,0.025602655800096637,1.240483281823204
robust,51,0.19432551141755636,0.18982274734252075,0.036032675408662465,1.2722199246708104
robust,52,0.23030722375795484,0.22760748759532826,0.05180516840945751,1.989077906688448
robust,53,0.2362050518130006,0.23430461720791795,0.05489865364494897,2.3290559982922043
robust,54,0.1861247168644846,0.18499936743098677,0.034224765949865246,1.3449097329427926
robust,55,0.22224526842652065,0.2218495208223189,0.04921720988909251,1.6539010320261076
robust,56,0.21230333804856888,0.21226477364412166,0.04505633413019021,1.4861964501995326
robust,57,0.19964555763807648,0.19537482445914148,0.03817132203244035,1.5823431240483286
robust,58,0.19915997913467687,0.19634651403972248,0.03855195357555093,2.6070577464696667
robust,59,0.20186596620741468,0.1978823122035433,0.03915740948302058,1.102710510103611
robust,60,0.1773289877458967,0.17254669730655128,0.029772362751398627,1.2734120292677904
robust,61,0.1985349484608965,0.19640698444273474,0.038575703537888646,1.419545993428442
robust,62,0.20860543551652533,0.20479578772380044,0.041941314669411936,1.4684058248013983
robust,63,0.198242189731633,0.1952936819962459,0.03813962222765081,1.2604077731607033
robust,64,0.2034782144345814,0.20137094842787978,0.04055025887074382,1.4776295645845787
robust,65,0.19392556941935182,0.1933194952495753,0.03737242724355057,1.3669481441728337
robust,66,0.2198494784832225,0.21963586391408746,0.048239912717287545,1.6902482504839107
robust,67,0.2256733517749206,0.22406952833400473,0.050207153527823345,1.7691315934080574
robust,68,0.19405636106945973,0.18825187333918347,0.03543876781571198,1.3422791970156278
robust,69,0.226519674538763,0.22395697481971713,0.050156726570399414,1.6876795263738762
robust,70,0.22428326716257882,0.22209513898293792,0.04932625075985051,1.52755903817345
robust,71,0.18976159663905534,0.18694231847269943,0.034947430435948175,1.273460814438145
robust,72,0.2143486731475414,0.21281837896387662,0.0452916624248122,1.4628055915665776
robust,73,0.30297738309259226,0.30157850615049725,0.09094959537196552,3.4681621812254066
robust,74,0.16958393742432626,0.16841376527181087,0.02836319633302861,1.114016200877404
robust,75,0.188706361099246,0.18465072659408674,0.03409589083172417,1.71773212552909
robust,76,0.19199027425892656,0.19157174568426394,0.036699733744516294,1.82591889404242
robust,77,0.19477299382689262,0.1878351072440022,0.03528202751336581,1.9258343653027257
robust,78,0.2247351702258055,0.22224229308534496,0.049391636835832364,1.9671252185296666
robust,79,0.22417345063368227,0.22091239737660676,0.04880228731467982,2.0437891938179114
robust,80,0.19565602700485996,0.19307699478810006,0.03727872591640402,1.0937972542794885
robust,81,0.21026217410994547,0.20677489564232193,0.04275585746789312,1.7248451189228229
robust,82,0.21689729972805852,0.2125472180567362,0.04517631990365777,1.9279017173459254
robust,83,0.2030743544645032,0.19899877240229727,0.03960051141762131,1.3729232971954717
robust,84,0.23897089629992938,0.23452212432800698,0.05500062679932116,1.7865609313731547
robust,85,0.23980415789369325,0.23931559735970206,0.05727195513963104,2.47189397226354
robust,86,0.1903229250003373,0.18635165147769858,0.034726938008465644,1.235504384288004
robust,87,0.2082825553917238,0.20630732773345586,0.04256271347651956,1.3020455157724213
robust,88,0.19504701056444862,0.19057979680832327,0.036320658951501786,1.7937872391527454
robust,89,0.1629223631058952,0.15787257737665758,0.024923750687548735,1.3173433326063444
robust,90,0.1780096758179911,0.17393140838088383,0.030252134821357784,1.1865823900133048
robust,91,0.1885879523027,0.1847773124242129,0.03414265518671518,1.2126786397545053
robust,92,0.22922108881286588,0.22775834587208513,0.05187386411438835,1.5812044907122573
robust,93,0.18525649101530217,0.18319807043860697,0.0335615330124288,1.5351805279922734
robust,94,0.20183950908468407,0.20006868136937805,0.04002747726488172,1.3161899451689196
robust,95,0.24926890811758762,0.24499832693376436,0.06002418020034368,1.7997725716880715
robust,96,0.19788349125900756,0.19647526076837757,0.03860252809400197,1.322849101857998
robust,97,0.1807023239983478,0.17754208707650487,0.03152119268348124,1.2741409517154707
robust,98,0.17405188445409228,0.17276664725465948,0.029848314403615937,1.3404927935569653
robust,99,0.17562605062888437,0.1715809882675596,0.029440035534872424,1.2859740809741955
robust,100,0.18468017869417022,0.1799349343006998,0.032376580581797154,1.1755066572456383
robust,101,0.18470462784725755,0.17941873794465726,0.03219108352565359,1.208441616593379
robust,102,0.22035332917440914,0.21804760376034493,0.047544757505628386,1.6754749034831047
robust,103,0.20040019485684013,0.19765298024657535,0.03906670060035311,1.3782089611790518
robust,104,0.1762184080970966,0.17246740720281387,0.029745006547261216,1.1754750693949925
robust,105,0.2522588997468021,0.2509423633246863,0.06297206971097885,1.6952459604062198
robust,106,0.19341683403161428,0.18915996766892895,0.03578149336851025,2.124757161529061
robust,107,0.2181267703341958,0.2147354807460275,0.04611132669122755,1.9224895991921158
robust,108,0.23163928806484035,0.22726853879868622,0.051650988727689945,1.7240361440690342
robust,109,0.19461145749376257,0.1918855746154134,0.036820073745487375,1.555936788405103
robust,110,0.18800704782196914,0.18601771461343547,0.034602590150005524,1.1248364866586151
robust,111,0.21906278112258137,0.21640889489120965,0.04683280978803463,1.6263211997300042
robust,112,0.19825509942790795,0.19758540514787945,0.03903999232745167,1.2903928712716128
robust,113,0.25286821020628825,0.2509251906780297,0.06296345131680556,2.085830004917731
robust,114,0.17430498934324165,0.17099566259039353,0.029239516624727714,0.9599485814608714
robust,115,0.20468894526243142,0.20213628764207142,0.04085907878171823,1.1219769946343692
robust,116,0.1790161540273195,0.17402598045218753,0.030285041872345153,1.0777718921490271
robust,117,0.19142285489287175,0.18984414257659454,0.03604079847064236,1.617684711473454
robust,118,0.201752058104885,0.2005196181356353,0.040208117257261,1.8526676341894353
robust,119,0.17770061055685626,0.17458550440617943,0.030480098348760098,0.9771230582066223
robust,120,0.20429609937039603,0.2029278661438304,0.041179718857688355,1.4732836237720064
robust,121,0.19803665180875332,0.19635015178966617,0.03855338210782495,1.5588626541118076
robust,122,0.1964659591388349,0.19437499804658337,0.037781639865609284,1.3312223957542386
robust,123,0.18378053140222525,0.1795474183114078,0.032237275422291656,1.313949147937375
robust,124,0.19587156322575347,0.1939105152559233,0.03760128792681766,1.2216060155950643
robust,125,0.2180932712349158,0.21426237498084175,0.04590836533243084,2.4196029382003386
robust,126,0.19773429323465386,0.19515323000404552,0.03808478318101189,1.2494739691768115
robust,127,0.15449746870637007,0.14859006032250777,0.0220790060266465,1.0946383910131576
robust,128,0.19611761900567054,0.19442108854952458,0.03779955967278208,1.36954309693145
robust,129,0.1922987313208903,0.18971521745734454,0.035991863734887525,1.2350309072111265
robust,130,0.18941203960096956,0.1879119855428338,0.035310914310650185,0.9981092209236649
robust,131,0.22748636981474515,0.22694385447956109,0.0515035130860402,2.0013293388469604
robust,132,0.17843670033942413,0.17325985289747747,0.030018976626055537,1.4479343873971569
robust,133,0.17848968340477675,0.17636088794984942,0.031103162798459344,1.2487726868844184
robust,134,0.21396968563066648,0.21288306451704345,0.04531919915816768,2.0052531656449695
robust,135,0.1976013497007669,0.19558493921770212,0.03825346844879223,1.2434880225007037
robust,136,0.178448957475836,0.17664303170873985,0.031202760651254872,1.4628088984489975
robust,137,0.2414651242399868,0.23820581755382592,0.056742011516486605,2.8854359014063524
robust,138,0.1809557523115986,0.177825381184679,0.031621866193476386,1.319242454009599
robust,139,0.18443284339019764,0.1822843127334408,0.033227570668702855,1.3552473532783085
robust,140,0.20074378887457045,0.1971327119260488,0.03886130611131855,1.4241141422030037
robust,141,0.16372979267345256,0.16114672001024058,0.025968265370058873,1.0096832838702785
robust,142,0.22565293841657422,0.22511221418390645,0.05067550897478097,1.5548195455970475
robust,143,0.19420174433113518,0.18931246853466008,0.035839210742686665,1.3079855070755146
robust,144,0.1926348774666302,0.18959060596164404,0.035944597868903375,1.3073598921600076
robust,145,0.2074803490598217,0.20300933282142855,0.04121278921260155,1.4444588226072193
robust,146,0.18431323205943922,0.18139795796837163,0.032905219155095124,1.5915382744105955
robust,147,0.18134477485800327,0.17983181722251404,0.0323394824855517,1.2668460075339127
robust,148,0.16936694859412957,0.16594097721220366,0.027536407918141097,0.9613544022491334
robust,149,0.19131813349161517,0.18783133885767372,0.03528061185706625,1.584920602140195
robust,150,0.22237056729256,0.21969899822379782,0.04826764982054031,1.7050522348605928
robust,151,0.20861161414236962,0.2062164263878485,0.04252521451217494,1.316773285318266
robust,152,0.1778246754519812,0.1751254087356231,0.03066890878481906,1.1430664131876238
robust,153,0.2196738796482285,0.21917011789333532,0.0480355405773785,2.8917004371643893
robust,154,0.19560214602751222,0.19422515665084056,0.03772341147604356,2.6136949696504397
robust,155,0.2036352014032381,0.2014828185266571,0.04059532616144583,1.3267411403661022
robust,156,0.17655343530762097,0.17450756843962997,0.030452891442712137,0.8916247919916119
robust,157,0.18347817246448378,0.1788263631909623,0.031978868172105955,1.255922134877765
robust,158,0.2072453700010953,0.20471031642186963,0.04190631364954199,1.3727274339844187
robust,159,0.21096765752383903,0.20751264340590628,0.04306149717330682,1.7235005309668896
robust,160,0.19775418740325776,0.19528930654186363,0.03813791324960198,1.1169198525303152
robust,161,0.20964248882638306,0.20510593447637904,0.042068444357428694,1.0694101919088523
robust,162,0.20107114912412596,0.19865872919051905,0.03946529068359199,1.4455136236114987
robust,163,0.19168004140222944,0.18958653586396923,0.03594305458090009,1.4114428164835662
robust,164,0.17387637820312582,0.16989558844025443,0.028864510971460318,1.149230695128424
robust,165,0.17321448424729677,0.17106036954580986,0.02926165002914903,1.380186442568534
robust,166,0.2074572722304068,0.2063599449948241,0.04258442689826683,1.854300025638408
robust,167,0.21638379678729336,0.21093516174521412,0.04449364246047964,1.3202528069289445
robust,168,0.23292598191466743,0.23239172392789947,0.054005913350181046,2.260936226478386
robust,169,0.2065334002890893,0.20186580952282063,0.0407498050543037,1.7115472491897816
robust,170,0.21589552041289065,0.21218847333660268,0.04502394821691815,1.486784113648609
robust,171,0.18110638039946797,0.1785013864390437,0.03186274496066081,1.2969909654108804
robust,172,0.17508216520816092,0.17227371636232794,0.029678233349287816,1.0297301216411272
robust,173,0.2108903805118071,0.20741388027481775,0.043020517730656425,2.5641494236300484
robust,174,0.1768367205437203,0.17374105029302614,0.030185952556923835,1.3145905389680683
robust,175,0.2437004288843927,0.24173160401105084,0.05843416837775549,1.7775981698231802
robust,176,0.18981117745511744,0.18992106789283697,0.03607001202955559,1.5141394797729304
robust,177,0.19475232305135612,0.1914891556078202,0.036668096715395976,1.4116962478732162
robust,178,0.16079411024275242,0.15628226754589303,0.024424147149286087,0.9665465999640556
robust,179,0.16335310676690412,0.16087253736421464,0.025879973278000633,1.0606545765115916
robust,180,0.22383884902824394,0.2211702876428056,0.048916296136001375,1.839623279481741
robust,181,0.22919261165792246,0.22672382092395793,0.05140369097435894,2.7367513886180213
robust,182,0.22955684943921348,0.22824451060642836,0.052095556621967985,2.071989743746249
robust,183,0.1751904825521716,0.17141438750358806,0.02938289224323025,1.076927069545721
robust,184,0.21024226768798165,0.20809831054288683,0.04330490685080376,1.5468904318572199
robust,185,0.21949050338379514,0.21438609207195736,0.04596139647388578,1.7189704915827178
robust,186,0.20869313008677182,0.20474962360993393,0.04192240836840962,1.4710184971681448
robust,187,0.19633176946885997,0.19280507010631526,0.03717379505870114,1.1884685440451137
robust,188,0.1954060202940453,0.1952889026427091,0.03813775549539351,1.1864706768928572
robust,189,0.18811908193786547,0.18507564072871244,0.03425299279114344,1.0261298097118445
robust,190,0.22426761478912313,0.22220930307434544,0.049376974372786306,2.02866826237694
robust,191,0.19601093702233804,0.19091438815681552,0.03644830360529123,1.0091815027617188
robust,192,0.2090165108385885,0.20567950641767574,0.04230405936021872,1.5353253448047104
robust,193,0.20166145474048322,0.19799350108388594,0.03920142647145475,1.4359677764320642
robust,194,0.17700163053994403,0.1730016893713678,0.02992958452534724,1.1461549616262776
robust,195,0.1933620614475812,0.19153848285160327,0.03668699041309392,1.0426237168148424
robust,196,0.22878074103110507,0.22836987778886525,0.052152801081301256,2.0619747449130514
robust,197,0.18042031420412064,0.17805136689476422,0.03170228925309394,1.2689125886961137
robust,198,0.20065859429544053,0.1985450444163645,0.03942013466229615,1.213482919553179
robust,199,0.19839805553048986,0.19482255711008986,0.03795582875891422,1.6747121950828483
robust,200,0.1794768426758861,0.17576206570583972,0.03089230374118392,1.1032198109597071
robust,201,0.23028954939739205,0.22854080848840586,0.0522309011445342,1.6547707132111265
robust,202,0.18453348287875984,0.182504736757715,0.03330797893900285,1.5197864359160662
robust,203,0.1972652119633803,0.1947700176152509,0.037935359761845144,1.1031376271092526
robust,204,0.21129706244132201,0.20810784805353585,0.04330887642147357,1.7801380718823945
robust,205,0.19254323432618778,0.1887519784672541,0.03562730937530276,1.2872137105121464
robust,206,0.20452488553424417,0.20064291999561745,0.04025758134436775,1.5907986518219943
robust,207,0.16712702009176394,0.1646040367183606,0.027094488903979405,1.015582318065796
robust,208,0.17996821954467512,0.1745114794588783,0.030454256462926498,1.0494899684271517
robust,209,0.24009507615682574,0.23937260855427023,0.05729924572607588,2.42745424871991
robust,210,0.19061093837900558,0.18902794028579636,0.035731562208690594,1.2372497169141636
robust,211,0.22012641027521912,0.21987198836296437,0.048343691266683544,1.45630666057066
robust,212,0.2257013807191307,0.22318540567262635,0.049811725305254795,1.3724220973805
robust,213,0.19643412948235944,0.19364275129498085,0.0374975151290898,1.602440742575259
robust,214,0.22341384802642258,0.2205696599925241,0.04865097490921769,1.657767472161692
robust,215,0.19766225265697923,0.19305319849282324,0.03726953744830941,1.4996332946073665
robust,216,0.18847423180889142,0.18395198884590458,0.03383833420036381,1.6165234867259353
robust,217,0.21767179321955152,0.21514372428596729,0.046286822099636304,1.560855783140073
robust,218,0.23818812143928078,0.23653287397000353,0.05594780046850957,1.7602830514927996
robust,219,0.1918649113177555,0.18805158682415712,0.0353633993070835,1.1556308119226557
robust,220,0.21063324284963908,0.2082664231513249,0.04337490301224672,1.5155665900585182
robust,221,0.18149682071142675,0.18125025192991492,0.03285165382465763,1.4624111059804246
robust,222,0.19359185383520397,0.19033249304563438,0.036226457908966454,1.8852170550615357
robust,223,0.21290263784786745,0.20864237048458031,0.04353163876142487,1.2355727991615417
robust,224,0.2041099637747335,0.20374076667050592,0.04151030000348554,1.7932448941537382
robust,225,0.19161948180522312,0.1889698694993647,0.03570961157860692,1.4367271863708524
robust,226,0.1709813615046229,0.16560062788558255,0.02742356795609918,1.322402224839529
robust,227,0.17931249287328546,0.17758918357080405,0.031537918121344745,1.412991411050974
robust,228,0.21610695677007616,0.21350130496676809,0.04558280722251291,1.811049454947445
robust,229,0.20396631842560936,0.20187801905724964,0.04075473457847925,1.9970231052689553
robust,230,0.19650489280911757,0.19381510840406319,0.03756429624567876,1.3022440907724884
robust,231,0.20612638103726913,0.20241271657368776,0.04097090783074005,1.9462753586398136
robust,232,0.2192314295109515,0.21550787641855,0.04644364479843301,1.4822968990863044
robust,233,0.21611642669721867,0.21201653510223434,0.04495101115675697,1.2150967967228088
robust,234,0.1835234349661824,0.1800525299921968,0.032418913556590934,1.3245392342950726
robust,235,0.18851669547798575,0.18426657566680785,0.033954170907971426,1.9222894614140331
robust,236,0.2185710311797578,0.21493947347256911,0.04619897725666525,2.1019897712850724
robust,237,0.20834775015762508,0.20667545575444857,0.04271474401130902,1.4212127489256885
robust,238,0.21173092593967366,0.20990046330338477,0.04405820449497558,1.3905761351535526
robust,239,0.19933751237632144,0.19701675713663508,0.03881560259263585,1.299576703563849
robust,240,0.20138330763653056,0.19662374173107508,0.03866089581232851,1.4532180421009362
robust,241,0.20537786394798307,0.20136044993355723,0.04054603079744461,1.3895980517674047
robust,242,0.21892484589836955,0.21430085846561336,0.04592485793909885,1.6180901543003068
robust,243,0.21697257492450173,0.21432913496770525,0.04593697809600482,1.7789606735093697
robust,244,0.18636664001273065,0.18298122119217236,0.033482127308978704,1.1149592788334823
robust,245,0.17873278564012376,0.17708515826333487,0.03135915327715036,1.5661859593510472
robust,246,0.19902685080447322,0.19480365815009681,0.037948465228659786,1.763540445107547
robust,247,0.20648848086235477,0.20444521609653954,0.04179784638476075,1.267292091992235
robust,248,0.2145985451228592,0.21428503241598434,0.04591807511751946,1.762420701780604
robust,249,0.176393877486512,0.17163208113100678,0.029457571273360496,0.9023866032008065
robust,250,0.18225118683794544,0.18107455712153114,0.03278799523675864,1.1045384215945573
robust,251,0.20164631920112794,0.19724702415972112,0.03890638853986561,1.5062654430185964
robust,252,0.2183433225148597,0.21841275903059312,0.04770413330735594,1.6005347643605963
robust,253,0.20687684198692835,0.20382319670949967,0.04154389551687939,1.4185647322812165
robust,254,0.24519590525129448,0.24110330378233089,0.058130803094754935,2.6439200793417825
robust,255,0.21484805173411112,0.21066742689075255,0.044380764752770564,1.5585065356685028
robust,256,0.2034166915879864,0.19987610281112153,0.03995045647496202,1.561206091264871
robust,257,0.22804782642680735,0.22630427001068812,0.05121362262507043,2.2034224144246606
robust,258,0.20303021360477239,0.20126018933220866,0.04050566381003648,1.8759352435741434
robust,259,0.18919316759253405,0.1851476859702894,0.0342796656201529,1.4830751925741499
robust,260,0.1835940557163742,0.1822346639447342,0.03320947274305021,1.4841161666705598
robust,261,0.17503797305962826,0.17063474357095892,0.02911621571352691,1.0022477021631573
robust,262,0.21055591065533008,0.20833192470380466,0.043402190850791736,1.2696332483953086
robust,263,0.2225083320767858,0.22024000951377576,0.048505661790628034,2.130179349062998
robust,264,0.2128532894885183,0.2100590144008613,0.04412478953106126,1.503549781977126
robust,265,0.19934805778588888,0.19587790925270063,0.038368155333209225,1.0651006772021254
robust,266,0.20583522240922109,0.20553324626906228,0.04224391532189901,1.4352397631666316
robust,267,0.17989793200374987,0.17550268290084348,0.030801191705394013,1.4225858724672442
robust,268,0.235239096809627,0.23651295722354398,0.05593837893462595,1.576005130083179
robust,269,0.20375638205402458,0.20072143242914844,0.040289093436409205,1.6307704420317952
robust,270,0.20359812365292196,0.20324538187544613,0.04130868525369592,1.7786382932520142
robust,271,0.19250802015810195,0.18958459639210373,0.03594231918915687,1.280453587102366
robust,272,0.17542706941894404,0.17354862409130245,0.030119124923984206,1.3418605895704396
robust,273,0.21517649730802055,0.2131218416502981,0.04542091938841474,2.1618812369902565
robust,274,0.1991361712483084,0.19749770307959708,0.039005342721716685,1.4892381917176758
robust,275,0.21621684284683262,0.21542888900602625,0.04640960621837077,1.5887726711941947
robust,276,0.19231889854414028,0.18823802344822604,0.0354335534716949,1.1284724034405553
robust,277,0.27806377835190044,0.27567990823919114,0.07599941180676884,2.0478855519220485
robust,278,0.2238587433022466,0.2213050396002556,0.0489759205524707,1.8780411698785568
robust,279,0.2278974681990452,0.22392845652788962,0.05014395364296295,1.5203659989897802
robust,280,0.1868826416567289,0.18550521900683012,0.034412186278772,1.5417806891176409
robust,281,0.20038629503463387,0.19779522701739907,0.039122951830864436,1.724980385290324
robust,282,0.19990293264212247,0.19938720921694925,0.03975525919932349,1.343684022744341
robust,283,0.23154060044647803,0.2277310386962623,0.051861425985678514,1.5094942768113706
robust,284,0.21384783915703934,0.21160447943050179,0.04477645571505365,1.2658686618776278
robust,285,0.20639934290088183,0.20444803528162236,0.041798999130515505,1.1881588991185605
robust,286,0.20408224114566526,0.20265871484955114,0.04107055470447168,1.4357611865124074
robust,287,0.1909631514155717,0.18716725763279726,0.03503158232978191,1.5048725982666504
robust,288,0.20380160047648163,0.20214109895892887,0.04086102388832348,1.372437026615271
robust,289,0.19855039343413478,0.19649670230484834,0.03861095401668019,1.2870108265619793
robust,290,0.22457018756163785,0.22098107672255957,0.04883263626946176,1.6793503526469764
robust,291,0.21215791205286583,0.20970853892822122,0.04397767129940927,1.6064150170398956
robust,292,0.17693887181248472,0.17446940614994952,0.03043957368231604,1.0659731846458511
robust,293,0.1896060106908421,0.18862493157619623,0.0355793648121247,1.3042843164046813
robust,294,0.21328157996337074,0.211277047828277,0.04463799093903205,1.4714748801935311
robust,295,0.17486562607623052,0.17302000248490992,0.029935921259878234,1.2056617512549594
robust,296,0.20939671346685923,0.20820473243042092,0.043349210606423175,1.5962648065883287
robust,297,0.2011628930127173,0.19800122207365417,0.03920448394266052,1.5732330467458733
robust,298,0.2197313516462464,0.22019369034013878,0.048485261265608925,1.8898254761272968
robust,299,0.2094032852549755,0.20768891299358408,0.043134684580456537,1.6022907000220374
robust,300,0.22978346628693563,0.2258705460662894,0.05101750358028376,1.7531182618815322
robust,301,0.19890177442905263,0.19458792588368076,0.037864460899712835,1.1042253983486487
robust,302,0.19657652487887556,0.19457596856896872,0.03785980754455231,1.5639795202598368
robust,303,0.1815556894010869,0.17918841025021826,0.032108486368000524,1.5717709348621571
robust,304,0.2140727208647009,0.2110173767053513,0.04452833327160814,1.6257827824863678
robust,305,0.2187812238707098,0.2159358636817926,0.04662829722400172,1.5533586636050303
robust,306,0.1867976961282414,0.18390968638911417,0.03382277274774233,1.1986970152116567
robust,307,0.20046407375295255,0.19620191815849813,0.038495192689074,1.4474100550594382
robust,308,0.1769657735982843,0.17490013409775942,0.030590056907414225,1.3414216059884492
robust,309,0.22655660165485014,0.22293784309046918,0.049701281881830664,2.243729643374643
robust,310,0.1732482851024411,0.17077610344739738,0.029164477508676175,1.0135894405991452
robust,311,0.2401899458566183,0.23847725890441893,0.05687140301456525,2.0412148248685495
robust,312,0.18049392514828694,0.1790749757377324,0.03206784693546945,1.3799842662840553
robust,313,0.22353894114235334,0.22197252938900777,0.049271803803353914,1.2546761597217158
robust,314,0.18458242740114145,0.18343882273711196,0.033649801687177586,1.1712716975036215
robust,315,0.2409097207359982,0.23762225931956119,0.05646433812413278,2.671318708130126
robust,316,0.1732290215684312,0.16916393640381167,0.028616437379632837,1.050618349230828
robust,317,0.24576373310617172,0.24574305125854295,0.06038964724185887,1.5882947810290862
robust,318,0.20757771009009932,0.20384376326300513,0.04155227982122408,1.3601115300429403
robust,319,0.21234009691846673,0.20855611271301633,0.04349565214996437,1.4269617015165157
robust,320,0.18826612272679397,0.1848748517820113,0.03417871082142064,1.2555845372184362
robust,321,0.18839673189483203,0.18564188388345113,0.03446290905179675,1.3794831733012414
robust,322,0.2661983653130235,0.26561227511083707,0.070549880689555,3.109734053302784
robust,323,0.16409812423302725,0.16187089862781945,0.026202187822577803,0.9032132278408636
robust,324,0.2182662298136543,0.21542113091399728,0.04640626364426556,1.4087518768996876
robust,325,0.1864368022850306,0.18182914042762532,0.03306183630864909,1.5543398758855806
robust,326,0.1636082258049463,0.15986376579790768,0.025556423615088274,1.181641163747873
robust,327,0.21136890583474013,0.2099720794807633,0.04408827416147598,1.4381492889405434
robust,328,0.21153504252540142,0.2112005508511792,0.04460567267984153,1.577864216291366
robust,329,0.22972879940842755,0.22670339249110394,0.051394428166975516,1.3705600370280928
robust,330,0.20600566942466436,0.2012498312787453,0.04050149458972345,1.2812924291010601
robust,331,0.19190610258146557,0.18723265487310223,0.03505606705083021,1.5320852028123941
robust,332,0.2193312606154292,0.21800027720836423,0.047524120862923645,1.917632246845287
robust,333,0.21181085553187134,0.20883881436884408,0.04361365038698452,1.6779190259397636
robust,334,0.21113617417197358,0.2078135725774881,0.043186480947418907,1.5519886756407955
robust,335,0.18134740867660826,0.17877390554036598,0.0319601093021557,1.162064653943961
robust,336,0.21150383838902168,0.20766793753299728,0.04312597227920886,1.3458193600369668
robust,337,0.20926016161132768,0.2051424516058906,0.042083425450875164,1.7245436121669693
robust,338,0.19888323971683405,0.1962757802869254,0.03852418192724141,1.3088198431653189
robust,339,0.19423518806542062,0.1913134792632964,0.03660084734782774,1.6589832491734404
robust,340,0.2032811300676368,0.1998446903906325,0.039937900277327756,1.2984008808018284
robust,341,0.24080420079820816,0.23814054687153968,0.056710920064275985,1.941068676650861
robust,342,0.21001971298073197,0.20810994862967114,0.04330975071864436,1.05398368366894
robust,343,0.19534217711324248,0.19390689045893353,0.037599882167452844,1.2211682409362654
robust,344,0.19265347494772098,0.18854547589269477,0.03554939647960274,1.6537475010836677
robust,345,0.2055426462131721,0.20351791706103659,0.041419542564862966,1.399304405837303
robust,346,0.16725246865278454,0.16580155924072656,0.02749015704665616,1.3739063056014773
robust,347,0.20424076738283892,0.20326754869601407,0.04131769635288646,1.6631766181867143
robust,348,0.2116995526524268,0.2065267886176148,0.04265331441670495,1.5212980154147167
robust,349,0.22251429249636326,0.22047896876047862,0.048610975665684106,1.5347306057683012
robust,350,0.21965533905083684,0.21652685333163238,0.046883878213698243,1.3424353293577909
robust,351,0.23020569772245333,0.2266897211653319,0.05138822968201592,2.036632231555449
robust,352,0.22738558981846355,0.22642562502051145,0.05126856366592926,2.0780884341591412
robust,353,0.2213876488477692,0.2175558161501729,0.04733053314076782,1.8588586020190685
robust,354,0.21065618654647864,0.2073044436887326,0.0429751323730949,1.5198111804884205
robust,355,0.20821586913318482,0.20748995395443487,0.043052080992013506,1.794698805911421
robust,356,0.24651859573682805,0.2443338872144362,0.05969904844131683,2.076944601398532
robust,357,0.20786297960852126,0.20675027729930462,0.04274567716333936,1.836045176457577
robust,358,0.20727559014048508,0.20360366186151577,0.041454451123418445,1.4544146124720836
robust,359,0.23409379260643737,0.22998652804243155,0.05289380308101215,1.563317770308567
robust,360,0.21238978284538987,0.21027186996354832,0.04421425929796737,1.49098016695771
robust,361,0.17837732255319116,0.17410971613913873,0.030314193254051467,1.140471822901133
robust,362,0.19460211883831008,0.19013670281096196,0.036151965755824064,1.1370789497684315
robust,363,0.19483382455781748,0.19125978162917506,0.036580304068839734,1.3616695857368553
robust,364,0.21901739836483106,0.21713485257732604,0.047147544203777106,1.4235374098407647
robust,365,0.19335466970543538,0.19050459863894326,0.03629200210258486,1.1460408151438106
robust,366,0.21605114617084648,0.21295171276409505,0.04534843196916165,1.744743179043566
robust,367,0.21816413704756107,0.21376923336046938,0.04569728513152281,1.7380314988691303
robust,368,0.22864124871984629,0.22518165334758092,0.0507067770043501,2.0077041876985366
robust,369,0.24720060122908566,0.24612166619763856,0.06057587457190182,2.575707348005195
robust,370,0.20049529905574587,0.19947987106719464,0.0397922189609846,1.2636561723503832
robust,371,0.17101217955817186,0.16743486839076074,0.02803443515303137,1.175599384184007
robust,372,0.22739997691600272,0.2233739860426978,0.04989593764060334,2.0739073757326167
robust,373,0.23265565841086486,0.22789996460079856,0.051938393865045236,2.242278754303645
robust,374,0.19455928335447095,0.1905202488646264,0.03629796522743918,1.4943494892433455
robust,375,0.18638217308135732,0.1836072340332845,0.0337116163893533,1.3045516462204207
robust,376,0.19025090312214837,0.18995764991844558,0.036083908762538724,2.577945664543229
robust,377,0.20065557298480474,0.19655757394073373,0.03863487987346701,1.6891936090634059
robust,378,0.19914100116146954,0.19771511882461576,0.039091268211831925,1.467973115548286
robust,379,0.2314887296981164,0.22768976865524912,0.05184263075028086,1.4809186753034496
robust,380,0.21581368129705833,0.21441204320463425,0.04597252427118595,1.462512771027854
robust,381,0.1938696420714611,0.1927043723492821,0.03713497512253076,1.034136045687859
robust,382,0.21622206211892103,0.2130437935998511,0.045387657991415954,1.837411714372392
robust,383,0.17590234410203792,0.1724446882753465,0.029737170514381434,1.025008352103677
robust,384,0.2168379614176832,0.2150861420372568,0.046262048496470996,2.3086140366670698
robust,385,0.24138091219197552,0.2374015566341133,0.056359499092300105,1.813120361020803
robust,386,0.2224893727211453,0.2200346046342068,0.048415227236531695,1.6244622668339859
robust,387,0.19610124027140563,0.1935295979006719,0.037453705263595746,1.769582714631103
robust,388,0.17642645045222116,0.17191972234578376,0.029556390931451376,1.1134458112843377
robust,389,0.1826767886469812,0.1781623410310397,0.03174181976166049,1.011370157250201
robust,390,0.21741021319589213,0.21636004292657682,0.04681166817519017,2.224981148127522
robust,391,0.2076719319351738,0.20424186753791837,0.0417147404553766,1.2730458576720003
robust,392,0.19523861116057464,0.19400322854653534,0.03763725268647923,1.645769651359535
robust,393,0.262307158336689,0.26082983417237104,0.06803220239438658,1.8340160624259354
robust,394,0.20109507769728568,0.19840821103898293,0.039365818207689585,2.223861144248895
robust,395,0.21287970441705392,0.2119979954356974,0.04494315006875397,1.9940652465829947
robust,396,0.1882538565026287,0.1852757766418049,0.03432711341022397,1.1896087333951426
robust,397,0.22551007517996813,0.22145150074262693,0.049040767181161696,2.4287173500709214
robust,398,0.18997036255974478,0.1873839069615227,0.0351127285881646,2.093625419873703
robust,399,0.20339240882489532,0.20036211389876996,0.040144976685983665,1.491340518917088
