model,method,sigma,contamination_probability,contamination_scale,scale_ratio,repeat,stage,window_size,rmse
additive,linear,0.2,0.2,0.4,2,0,1,501,0.0150026763962
additive,linear,0.2,0.2,0.4,2,0,2,355,0.0111581710596
additive,linear,0.2,0.2,0.4,2,0,3,251,0.0104593171402
additive,linear,0.2,0.2,0.4,2,0,4,177,0.0103286976912
additive,linear,0.2,0.2,0.4,2,0,5,125,0.0146512135335
additive,linear,0.2,0.2,0.4,2,0,6,89,0.0169810193267
additive,linear,0.2,0.2,0.4,2,0,7,63,0.0171958848445
additive,linear,0.2,0.2,0.4,2,0,8,45,0.0192109322498
additive,linear,0.2,0.2,0.4,2,0,9,31,0.0247225724884
additive,robust,0.2,0.2,0.4,2,0,1,501,0.011339949381
additive,robust,0.2,0.2,0.4,2,0,2,355,0.00801255764816
additive,robust,0.2,0.2,0.4,2,0,3,251,0.00896756854383
additive,robust,0.2,0.2,0.4,2,0,4,177,0.00832709419633
additive,robust,0.2,0.2,0.4,2,0,5,125,0.0110110952238
additive,robust,0.2,0.2,0.4,2,0,6,89,0.0130994342513
additive,robust,0.2,0.2,0.4,2,0,7,63,0.0136544716916
additive,robust,0.2,0.2,0.4,2,0,8,45,0.0155833286834
additive,robust,0.2,0.2,0.4,2,0,9,31,0.0204149818908
additive,linear,0.2,0.2,0.4,2,1,1,501,0.00999169438576
additive,linear,0.2,0.2,0.4,2,1,2,355,0.00871463546392
additive,linear,0.2,0.2,0.4,2,1,3,251,0.0110436685816
additive,linear,0.2,0.2,0.4,2,1,4,177,0.0120805757869
additive,linear,0.2,0.2,0.4,2,1,5,125,0.0141386745689
additive,linear,0.2,0.2,0.4,2,1,6,89,0.0153206956623
additive,linear,0.2,0.2,0.4,2,1,7,63,0.0178546305652
additive,linear,0.2,0.2,0.4,2,1,8,45,0.0211832048631
additive,linear,0.2,0.2,0.4,2,1,9,31,0.0260307451501
additive,robust,0.2,0.2,0.4,2,1,1,501,0.0125079326472
additive,robust,0.2,0.2,0.4,2,1,2,355,0.00796728718584
additive,robust,0.2,0.2,0.4,2,1,3,251,0.00981752000296
additive,robust,0.2,0.2,0.4,2,1,4,177,0.0103007087392
additive,robust,0.2,0.2,0.4,2,1,5,125,0.0119833041214
additive,robust,0.2,0.2,0.4,2,1,6,89,0.0129312681275
additive,robust,0.2,0.2,0.4,2,1,7,63,0.0146694400329
additive,robust,0.2,0.2,0.4,2,1,8,45,0.0175175238529
additive,robust,0.2,0.2,0.4,2,1,9,31,0.0215408795923
additive,linear,0.2,0.2,0.4,2,2,1,501,0.0231659166237
additive,linear,0.2,0.2,0.4,2,2,2,355,0.00845969659603
additive,linear,0.2,0.2,0.4,2,2,3,251,0.00929233170837
additive,linear,0.2,0.2,0.4,2,2,4,177,0.00964629062086
additive,linear,0.2,0.2,0.4,2,2,5,125,0.0108630273963
additive,linear,0.2,0.2,0.4,2,2,6,89,0.0132127015
additive,linear,0.2,0.2,0.4,2,2,7,63,0.0164062240949
additive,linear,0.2,0.2,0.4,2,2,8,45,0.0182467395874
additive,linear,0.2,0.2,0.4,2,2,9,31,0.0243619170644
additive,robust,0.2,0.2,0.4,2,2,1,501,0.0188206543103
additive,robust,0.2,0.2,0.4,2,2,2,355,0.00713866764037
additive,robust,0.2,0.2,0.4,2,2,3,251,0.00748446757568
additive,robust,0.2,0.2,0.4,2,2,4,177,0.00816586129313
additive,robust,0.2,0.2,0.4,2,2,5,125,0.00871397100731
additive,robust,0.2,0.2,0.4,2,2,6,89,0.0113724294809
additive,robust,0.2,0.2,0.4,2,2,7,63,0.0137528397115
additive,robust,0.2,0.2,0.4,2,2,8,45,0.01448539612
additive,robust,0.2,0.2,0.4,2,2,9,31,0.0195491478476
additive,linear,0.2,0.2,0.8,4,0,1,501,0.0263981107958
additive,linear,0.2,0.2,0.8,4,0,2,355,0.0198803287879
additive,linear,0.2,0.2,0.8,4,0,3,251,0.0172809625172
additive,linear,0.2,0.2,0.8,4,0,4,177,0.0171773011159
additive,linear,0.2,0.2,0.8,4,0,5,125,0.0234414651046
additive,linear,0.2,0.2,0.8,4,0,6,89,0.0267067870585
additive,linear,0.2,0.2,0.8,4,0,7,63,0.0281195039098
additive,linear,0.2,0.2,0.8,4,0,8,45,0.0322633166288
additive,linear,0.2,0.2,0.8,4,0,9,31,0.0416697306367
additive,robust,0.2,0.2,0.8,4,0,1,501,0.0126579610067
additive,robust,0.2,0.2,0.8,4,0,2,355,0.00940206918946
additive,robust,0.2,0.2,0.8,4,0,3,251,0.00969263242554
additive,robust,0.2,0.2,0.8,4,0,4,177,0.0091312764983
additive,robust,0.2,0.2,0.8,4,0,5,125,0.0122454529577
additive,robust,0.2,0.2,0.8,4,0,6,89,0.0143453946517
additive,robust,0.2,0.2,0.8,4,0,7,63,0.0152084609918
additive,robust,0.2,0.2,0.8,4,0,8,45,0.0181493767796
additive,robust,0.2,0.2,0.8,4,0,9,31,0.0246207591493
additive,linear,0.2,0.2,0.8,4,1,1,501,0.0194792186902
additive,linear,0.2,0.2,0.8,4,1,2,355,0.0159011087844
additive,linear,0.2,0.2,0.8,4,1,3,251,0.0186574853189
additive,linear,0.2,0.2,0.8,4,1,4,177,0.0203426214588
additive,linear,0.2,0.2,0.8,4,1,5,125,0.0242007758789
additive,linear,0.2,0.2,0.8,4,1,6,89,0.0269076227703
additive,linear,0.2,0.2,0.8,4,1,7,63,0.0318026236298
additive,linear,0.2,0.2,0.8,4,1,8,45,0.03653962714
additive,linear,0.2,0.2,0.8,4,1,9,31,0.045106948426
additive,robust,0.2,0.2,0.8,4,1,1,501,0.0166029805247
additive,robust,0.2,0.2,0.8,4,1,2,355,0.00948169623989
additive,robust,0.2,0.2,0.8,4,1,3,251,0.0117129898201
additive,robust,0.2,0.2,0.8,4,1,4,177,0.012393844666
additive,robust,0.2,0.2,0.8,4,1,5,125,0.014078587165
additive,robust,0.2,0.2,0.8,4,1,6,89,0.0153652206598
additive,robust,0.2,0.2,0.8,4,1,7,63,0.0175041733445
additive,robust,0.2,0.2,0.8,4,1,8,45,0.0210716502235
additive,robust,0.2,0.2,0.8,4,1,9,31,0.0269584832217
additive,linear,0.2,0.2,0.8,4,2,1,501,0.0321151668264
additive,linear,0.2,0.2,0.8,4,2,2,355,0.0147535443792
additive,linear,0.2,0.2,0.8,4,2,3,251,0.0167401727953
additive,linear,0.2,0.2,0.8,4,2,4,177,0.0176817054508
additive,linear,0.2,0.2,0.8,4,2,5,125,0.0202363411541
additive,linear,0.2,0.2,0.8,4,2,6,89,0.0221622247669
additive,linear,0.2,0.2,0.8,4,2,7,63,0.0270150587931
additive,linear,0.2,0.2,0.8,4,2,8,45,0.0320782506043
additive,linear,0.2,0.2,0.8,4,2,9,31,0.0429463570292
additive,robust,0.2,0.2,0.8,4,2,1,501,0.022189907876
additive,robust,0.2,0.2,0.8,4,2,2,355,0.00839087716955
additive,robust,0.2,0.2,0.8,4,2,3,251,0.00927533409854
additive,robust,0.2,0.2,0.8,4,2,4,177,0.0101424099099
additive,robust,0.2,0.2,0.8,4,2,5,125,0.0107746250997
additive,robust,0.2,0.2,0.8,4,2,6,89,0.0133174266554
additive,robust,0.2,0.2,0.8,4,2,7,63,0.0157154335462
additive,robust,0.2,0.2,0.8,4,2,8,45,0.0170543864453
additive,robust,0.2,0.2,0.8,4,2,9,31,0.0242805638208
additive,linear,0.2,0.2,1.2,6,0,1,501,0.038932819041
additive,linear,0.2,0.2,1.2,6,0,2,355,0.0290431916026
additive,linear,0.2,0.2,1.2,6,0,3,251,0.0245554343502
additive,linear,0.2,0.2,1.2,6,0,4,177,0.0246376262468
additive,linear,0.2,0.2,1.2,6,0,5,125,0.0328173205536
additive,linear,0.2,0.2,1.2,6,0,6,89,0.0372103940512
additive,linear,0.2,0.2,1.2,6,0,7,63,0.0400517964582
additive,linear,0.2,0.2,1.2,6,0,8,45,0.046465069855
additive,linear,0.2,0.2,1.2,6,0,9,31,0.060116542888
additive,robust,0.2,0.2,1.2,6,0,1,501,0.0138317358848
additive,robust,0.2,0.2,1.2,6,0,2,355,0.0103155994453
additive,robust,0.2,0.2,1.2,6,0,3,251,0.00989135075486
additive,robust,0.2,0.2,1.2,6,0,4,177,0.00930285532097
additive,robust,0.2,0.2,1.2,6,0,5,125,0.0126670225372
additive,robust,0.2,0.2,1.2,6,0,6,89,0.0149462233199
additive,robust,0.2,0.2,1.2,6,0,7,63,0.0160400949027
additive,robust,0.2,0.2,1.2,6,0,8,45,0.0196260382746
additive,robust,0.2,0.2,1.2,6,0,9,31,0.0271503235833
additive,linear,0.2,0.2,1.2,6,1,1,501,0.0298136060436
additive,linear,0.2,0.2,1.2,6,1,2,355,0.0237319982458
additive,linear,0.2,0.2,1.2,6,1,3,251,0.0268188701966
additive,linear,0.2,0.2,1.2,6,1,4,177,0.0291677526803
additive,linear,0.2,0.2,1.2,6,1,5,125,0.0348059950787
additive,linear,0.2,0.2,1.2,6,1,6,89,0.0392235644772
additive,linear,0.2,0.2,1.2,6,1,7,63,0.0468193971756
additive,linear,0.2,0.2,1.2,6,1,8,45,0.0530435782945
additive,linear,0.2,0.2,1.2,6,1,9,31,0.0653998416373
additive,robust,0.2,0.2,1.2,6,1,1,501,0.0187611037402
additive,robust,0.2,0.2,1.2,6,1,2,355,0.0101577682099
additive,robust,0.2,0.2,1.2,6,1,3,251,0.0125596559114
additive,robust,0.2,0.2,1.2,6,1,4,177,0.0132780949587
additive,robust,0.2,0.2,1.2,6,1,5,125,0.0149317786137
additive,robust,0.2,0.2,1.2,6,1,6,89,0.0164564956783
additive,robust,0.2,0.2,1.2,6,1,7,63,0.0188531323923
additive,robust,0.2,0.2,1.2,6,1,8,45,0.0227554334609
additive,robust,0.2,0.2,1.2,6,1,9,31,0.0300350985778
additive,linear,0.2,0.2,1.2,6,2,1,501,0.0420780036497
additive,linear,0.2,0.2,1.2,6,2,2,355,0.0213581413171
additive,linear,0.2,0.2,1.2,6,2,3,251,0.0246292223846
additive,linear,0.2,0.2,1.2,6,2,4,177,0.0263390796358
additive,linear,0.2,0.2,1.2,6,2,5,125,0.0302721844881
additive,linear,0.2,0.2,1.2,6,2,6,89,0.032268959852
additive,linear,0.2,0.2,1.2,6,2,7,63,0.0390295129598
additive,linear,0.2,0.2,1.2,6,2,8,45,0.0473398794348
additive,linear,0.2,0.2,1.2,6,2,9,31,0.0629363041174
additive,robust,0.2,0.2,1.2,6,2,1,501,0.0243537749344
additive,robust,0.2,0.2,1.2,6,2,2,355,0.00919733386339
additive,robust,0.2,0.2,1.2,6,2,3,251,0.0104940210666
additive,robust,0.2,0.2,1.2,6,2,4,177,0.0112796583147
additive,robust,0.2,0.2,1.2,6,2,5,125,0.0117450751938
additive,robust,0.2,0.2,1.2,6,2,6,89,0.0141817878358
additive,robust,0.2,0.2,1.2,6,2,7,63,0.0166433308778
additive,robust,0.2,0.2,1.2,6,2,8,45,0.018450894267
additive,robust,0.2,0.2,1.2,6,2,9,31,0.0267104904928
additive,linear,0.2,0.2,1.6,8,0,1,501,0.0517860283641
additive,linear,0.2,0.2,1.6,8,0,2,355,0.0383320140177
additive,linear,0.2,0.2,1.6,8,0,3,251,0.0319751526479
additive,linear,0.2,0.2,1.6,8,0,4,177,0.0322884012666
additive,linear,0.2,0.2,1.6,8,0,5,125,0.0423919896232
additive,linear,0.2,0.2,1.6,8,0,6,89,0.0479837250402
additive,linear,0.2,0.2,1.6,8,0,7,63,0.0523069608539
additive,linear,0.2,0.2,1.6,8,0,8,45,0.0610188763262
additive,linear,0.2,0.2,1.6,8,0,9,31,0.079019633148
additive,robust,0.2,0.2,1.6,8,0,1,501,0.0149010398186
additive,robust,0.2,0.2,1.6,8,0,2,355,0.0109875768605
additive,robust,0.2,0.2,1.6,8,0,3,251,0.01013868325
additive,robust,0.2,0.2,1.6,8,0,4,177,0.00938918659585
additive,robust,0.2,0.2,1.6,8,0,5,125,0.0127996421953
additive,robust,0.2,0.2,1.6,8,0,6,89,0.0153356277219
additive,robust,0.2,0.2,1.6,8,0,7,63,0.0165977787956
additive,robust,0.2,0.2,1.6,8,0,8,45,0.0205926814851
additive,robust,0.2,0.2,1.6,8,0,9,31,0.0288878455659
additive,linear,0.2,0.2,1.6,8,1,1,501,0.0403493170986
additive,linear,0.2,0.2,1.6,8,1,2,355,0.0317337724163
additive,linear,0.2,0.2,1.6,8,1,3,251,0.0351484386044
additive,linear,0.2,0.2,1.6,8,1,4,177,0.0381673545998
additive,linear,0.2,0.2,1.6,8,1,5,125,0.0455767631519
additive,linear,0.2,0.2,1.6,8,1,6,89,0.0517506256679
additive,linear,0.2,0.2,1.6,8,1,7,63,0.0621348137445
additive,linear,0.2,0.2,1.6,8,1,8,45,0.0698867563172
additive,linear,0.2,0.2,1.6,8,1,9,31,0.0860529323306
additive,robust,0.2,0.2,1.6,8,1,1,501,0.0194044095086
additive,robust,0.2,0.2,1.6,8,1,2,355,0.0104759509802
additive,robust,0.2,0.2,1.6,8,1,3,251,0.0130450754568
additive,robust,0.2,0.2,1.6,8,1,4,177,0.0137262031718
additive,robust,0.2,0.2,1.6,8,1,5,125,0.015415601781
additive,robust,0.2,0.2,1.6,8,1,6,89,0.0171048739607
additive,robust,0.2,0.2,1.6,8,1,7,63,0.0195786707305
additive,robust,0.2,0.2,1.6,8,1,8,45,0.0235765314607
additive,robust,0.2,0.2,1.6,8,1,9,31,0.0318298275404
additive,linear,0.2,0.2,1.6,8,2,1,501,0.0524803110277
additive,linear,0.2,0.2,1.6,8,2,2,355,0.0280548721759
additive,linear,0.2,0.2,1.6,8,2,3,251,0.0326411252678
additive,linear,0.2,0.2,1.6,8,2,4,177,0.0351619701947
additive,linear,0.2,0.2,1.6,8,2,5,125,0.0404807647576
additive,linear,0.2,0.2,1.6,8,2,6,89,0.0427193184737
additive,linear,0.2,0.2,1.6,8,2,7,63,0.0514745823674
additive,linear,0.2,0.2,1.6,8,2,8,45,0.0630007426526
additive,linear,0.2,0.2,1.6,8,2,9,31,0.0833262826764
additive,robust,0.2,0.2,1.6,8,2,1,501,0.0258908468839
additive,robust,0.2,0.2,1.6,8,2,2,355,0.0098721756212
additive,robust,0.2,0.2,1.6,8,2,3,251,0.0114438373649
additive,robust,0.2,0.2,1.6,8,2,4,177,0.0121309379872
additive,robust,0.2,0.2,1.6,8,2,5,125,0.0123679104666
additive,robust,0.2,0.2,1.6,8,2,6,89,0.0147056407166
additive,robust,0.2,0.2,1.6,8,2,7,63,0.017253527863
additive,robust,0.2,0.2,1.6,8,2,8,45,0.0194358914676
additive,robust,0.2,0.2,1.6,8,2,9,31,0.0283581351231
additive,linear,0.2,0.2,2,10,0,1,501,0.0647683970724
additive,linear,0.2,0.2,2,10,0,2,355,0.0476732255388
additive,linear,0.2,0.2,2,10,0,3,251,0.0394582660252
additive,linear,0.2,0.2,2,10,0,4,177,0.0400205492397
additive,linear,0.2,0.2,2,10,0,5,125,0.0520558839512
additive,linear,0.2,0.2,2,10,0,6,89,0.0588789079794
additive,linear,0.2,0.2,2,10,0,7,63,0.0647017910328
additive,linear,0.2,0.2,2,10,0,8,45,0.0757220130104
additive,linear,0.2,0.2,2,10,0,9,31,0.0981156334814
additive,robust,0.2,0.2,2,10,0,1,501,0.0157668297252
additive,robust,0.2,0.2,2,10,0,2,355,0.0114471262416
additive,robust,0.2,0.2,2,10,0,3,251,0.0104006094477
additive,robust,0.2,0.2,2,10,0,4,177,0.00943191935792
additive,robust,0.2,0.2,2,10,0,5,125,0.0128218915307
additive,robust,0.2,0.2,2,10,0,6,89,0.0156141516795
additive,robust,0.2,0.2,2,10,0,7,63,0.0169725538634
additive,robust,0.2,0.2,2,10,0,8,45,0.0212221359056
additive,robust,0.2,0.2,2,10,0,9,31,0.0300871731298
additive,linear,0.2,0.2,2,10,1,1,501,0.0509616406309
additive,linear,0.2,0.2,2,10,1,2,355,0.0398035045399
additive,linear,0.2,0.2,2,10,1,3,251,0.0435497941619
additive,linear,0.2,0.2,2,10,1,4,177,0.0472418218319
additive,linear,0.2,0.2,2,10,1,5,125,0.0564183453417
additive,linear,0.2,0.2,2,10,1,6,89,0.0643656577945
additive,linear,0.2,0.2,2,10,1,7,63,0.0775721873565
additive,linear,0.2,0.2,2,10,1,8,45,0.086872071935
additive,linear,0.2,0.2,2,10,1,9,31,0.106857570746
additive,robust,0.2,0.2,2,10,1,1,501,0.0196122443339
additive,robust,0.2,0.2,2,10,1,2,355,0.0107133677482
additive,robust,0.2,0.2,2,10,1,3,251,0.0134001165018
additive,robust,0.2,0.2,2,10,1,4,177,0.0140410005788
additive,robust,0.2,0.2,2,10,1,5,125,0.0157693344222
additive,robust,0.2,0.2,2,10,1,6,89,0.0175722125444
additive,robust,0.2,0.2,2,10,1,7,63,0.0200602053307
additive,robust,0.2,0.2,2,10,1,8,45,0.0240623551452
additive,robust,0.2,0.2,2,10,1,9,31,0.0328627532455
additive,linear,0.2,0.2,2,10,2,1,501,0.0631051337339
additive,linear,0.2,0.2,2,10,2,2,355,0.0347905738471
additive,linear,0.2,0.2,2,10,2,3,251,0.0407034000501
additive,linear,0.2,0.2,2,10,2,4,177,0.0440510363487
additive,linear,0.2,0.2,2,10,2,5,125,0.0507579647772
additive,linear,0.2,0.2,2,10,2,6,89,0.0533116067043
additive,linear,0.2,0.2,2,10,2,7,63,0.0640999426339
additive,linear,0.2,0.2,2,10,2,8,45,0.0788232347183
additive,linear,0.2,0.2,2,10,2,9,31,0.103881002153
additive,robust,0.2,0.2,2,10,2,1,501,0.0272801807379
additive,robust,0.2,0.2,2,10,2,2,355,0.0103708232993
additive,robust,0.2,0.2,2,10,2,3,251,0.0121849291694
additive,robust,0.2,0.2,2,10,2,4,177,0.0128219002073
additive,robust,0.2,0.2,2,10,2,5,125,0.0128605634105
additive,robust,0.2,0.2,2,10,2,6,89,0.0151275371896
additive,robust,0.2,0.2,2,10,2,7,63,0.0177681512079
additive,robust,0.2,0.2,2,10,2,8,45,0.0202517150268
additive,robust,0.2,0.2,2,10,2,9,31,0.0297602203837
additive,linear,0.2,0.2,2.4,12,0,1,501,0.0778153068186
additive,linear,0.2,0.2,2.4,12,0,2,355,0.0570410938037
additive,linear,0.2,0.2,2.4,12,0,3,251,0.0469744874234
additive,linear,0.2,0.2,2.4,12,0,4,177,0.0477945932337
additive,linear,0.2,0.2,2.4,12,0,5,125,0.0617671380063
additive,linear,0.2,0.2,2.4,12,0,6,89,0.0698389378056
additive,linear,0.2,0.2,2.4,12,0,7,63,0.0771690172723
additive,linear,0.2,0.2,2.4,12,0,8,45,0.0905017274715
additive,linear,0.2,0.2,2.4,12,0,9,31,0.117310374906
additive,robust,0.2,0.2,2.4,12,0,1,501,0.0164645846507
additive,robust,0.2,0.2,2.4,12,0,2,355,0.0117805319828
additive,robust,0.2,0.2,2.4,12,0,3,251,0.0106424677717
additive,robust,0.2,0.2,2.4,12,0,4,177,0.00945628292681
additive,robust,0.2,0.2,2.4,12,0,5,125,0.012821988597
additive,robust,0.2,0.2,2.4,12,0,6,89,0.0158307868385
additive,robust,0.2,0.2,2.4,12,0,7,63,0.017231994594
additive,robust,0.2,0.2,2.4,12,0,8,45,0.0216317374316
additive,robust,0.2,0.2,2.4,12,0,9,31,0.0309132607308
additive,linear,0.2,0.2,2.4,12,1,1,501,0.0616110004928
additive,linear,0.2,0.2,2.4,12,1,2,355,0.0479068651281
additive,linear,0.2,0.2,2.4,12,1,3,251,0.0519881458052
additive,linear,0.2,0.2,2.4,12,1,4,177,0.0563550007983
additive,linear,0.2,0.2,2.4,12,1,5,125,0.0672965255307
additive,linear,0.2,0.2,2.4,12,1,6,89,0.0770254500097
additive,linear,0.2,0.2,2.4,12,1,7,63,0.0930708518737
additive,linear,0.2,0.2,2.4,12,1,8,45,0.103929859615
additive,linear,0.2,0.2,2.4,12,1,9,31,0.127739731782
additive,robust,0.2,0.2,2.4,12,1,1,501,0.0197239437433
additive,robust,0.2,0.2,2.4,12,1,2,355,0.0109298647492
additive,robust,0.2,0.2,2.4,12,1,3,251,0.0136957184094
additive,robust,0.2,0.2,2.4,12,1,4,177,0.0142960363399
additive,robust,0.2,0.2,2.4,12,1,5,125,0.0160503608835
additive,robust,0.2,0.2,2.4,12,1,6,89,0.017932874835
additive,robust,0.2,0.2,2.4,12,1,7,63,0.020431216736
additive,robust,0.2,0.2,2.4,12,1,8,45,0.0244262390826
additive,robust,0.2,0.2,2.4,12,1,9,31,0.0335369695231
additive,linear,0.2,0.2,2.4,12,2,1,501,0.0738565025245
additive,linear,0.2,0.2,2.4,12,2,2,355,0.0415462961999
additive,linear,0.2,0.2,2.4,12,2,3,251,0.0487910826478
additive,linear,0.2,0.2,2.4,12,2,4,177,0.0529729750185
additive,linear,0.2,0.2,2.4,12,2,5,125,0.0610691507439
additive,linear,0.2,0.2,2.4,12,2,6,89,0.0639753662401
additive,linear,0.2,0.2,2.4,12,2,7,63,0.0768167490146
additive,linear,0.2,0.2,2.4,12,2,8,45,0.094726397878
additive,linear,0.2,0.2,2.4,12,2,9,31,0.124518906382
additive,robust,0.2,0.2,2.4,12,2,1,501,0.0285667361525
additive,robust,0.2,0.2,2.4,12,2,2,355,0.0107481920139
additive,robust,0.2,0.2,2.4,12,2,3,251,0.0127466167473
additive,robust,0.2,0.2,2.4,12,2,4,177,0.0133499299055
additive,robust,0.2,0.2,2.4,12,2,5,125,0.0132310030716
additive,robust,0.2,0.2,2.4,12,2,6,89,0.0154493328128
additive,robust,0.2,0.2,2.4,12,2,7,63,0.0181893664891
additive,robust,0.2,0.2,2.4,12,2,8,45,0.0209232824311
additive,robust,0.2,0.2,2.4,12,2,9,31,0.0309731130828
masked,linear,0.2,0.2,0.4,2,0,1,501,0.057549013679
masked,linear,0.2,0.2,0.4,2,0,2,355,0.0230580154375
masked,linear,0.2,0.2,0.4,2,0,3,251,0.0174992816215
masked,linear,0.2,0.2,0.4,2,0,4,177,0.0193561529141
masked,linear,0.2,0.2,0.4,2,0,5,125,0.0208263960519
masked,linear,0.2,0.2,0.4,2,0,6,89,0.0217417945711
masked,linear,0.2,0.2,0.4,2,0,7,63,0.0227937730732
masked,linear,0.2,0.2,0.4,2,0,8,45,0.0234368271874
masked,linear,0.2,0.2,0.4,2,0,9,31,0.0280378809583
masked,robust,0.2,0.2,0.4,2,0,1,501,0.0453224498834
masked,robust,0.2,0.2,0.4,2,0,2,355,0.0159593341211
masked,robust,0.2,0.2,0.4,2,0,3,251,0.0128317082943
masked,robust,0.2,0.2,0.4,2,0,4,177,0.0127670460046
masked,robust,0.2,0.2,0.4,2,0,5,125,0.013216278994
masked,robust,0.2,0.2,0.4,2,0,6,89,0.0154302645623
masked,robust,0.2,0.2,0.4,2,0,7,63,0.0170677980396
masked,robust,0.2,0.2,0.4,2,0,8,45,0.0178441092447
masked,robust,0.2,0.2,0.4,2,0,9,31,0.0223125460789
masked,linear,0.2,0.2,0.4,2,1,1,501,0.0634799953253
masked,linear,0.2,0.2,0.4,2,1,2,355,0.0214790927645
masked,linear,0.2,0.2,0.4,2,1,3,251,0.0164216007989
masked,linear,0.2,0.2,0.4,2,1,4,177,0.0167574377537
masked,linear,0.2,0.2,0.4,2,1,5,125,0.0171180519857
masked,linear,0.2,0.2,0.4,2,1,6,89,0.0172142361743
masked,linear,0.2,0.2,0.4,2,1,7,63,0.0193576877978
masked,linear,0.2,0.2,0.4,2,1,8,45,0.0230062801757
masked,linear,0.2,0.2,0.4,2,1,9,31,0.0286290477758
masked,robust,0.2,0.2,0.4,2,1,1,501,0.0548394132566
masked,robust,0.2,0.2,0.4,2,1,2,355,0.014131057611
masked,robust,0.2,0.2,0.4,2,1,3,251,0.0129049117443
masked,robust,0.2,0.2,0.4,2,1,4,177,0.0127258923629
masked,robust,0.2,0.2,0.4,2,1,5,125,0.013226523235
masked,robust,0.2,0.2,0.4,2,1,6,89,0.0134101284747
masked,robust,0.2,0.2,0.4,2,1,7,63,0.0151994108316
masked,robust,0.2,0.2,0.4,2,1,8,45,0.0184470072421
masked,robust,0.2,0.2,0.4,2,1,9,31,0.0233628570827
masked,linear,0.2,0.2,0.4,2,2,1,501,0.0387162285197
masked,linear,0.2,0.2,0.4,2,2,2,355,0.0193732110068
masked,linear,0.2,0.2,0.4,2,2,3,251,0.0172682593346
masked,linear,0.2,0.2,0.4,2,2,4,177,0.0175886545515
masked,linear,0.2,0.2,0.4,2,2,5,125,0.0179811396811
masked,linear,0.2,0.2,0.4,2,2,6,89,0.01950175876
masked,linear,0.2,0.2,0.4,2,2,7,63,0.0215849426144
masked,linear,0.2,0.2,0.4,2,2,8,45,0.0207239182951
masked,linear,0.2,0.2,0.4,2,2,9,31,0.0266796382332
masked,robust,0.2,0.2,0.4,2,2,1,501,0.0322059182647
masked,robust,0.2,0.2,0.4,2,2,2,355,0.0150576577517
masked,robust,0.2,0.2,0.4,2,2,3,251,0.0126524302744
masked,robust,0.2,0.2,0.4,2,2,4,177,0.0123268752386
masked,robust,0.2,0.2,0.4,2,2,5,125,0.0129564768136
masked,robust,0.2,0.2,0.4,2,2,6,89,0.016093275673
masked,robust,0.2,0.2,0.4,2,2,7,63,0.018457114421
masked,robust,0.2,0.2,0.4,2,2,8,45,0.0172437325727
masked,robust,0.2,0.2,0.4,2,2,9,31,0.0223423581519
masked,linear,0.2,0.2,0.8,4,0,1,501,0.0622253531124
masked,linear,0.2,0.2,0.8,4,0,2,355,0.0279156708075
masked,linear,0.2,0.2,0.8,4,0,3,251,0.0229280644242
masked,linear,0.2,0.2,0.8,4,0,4,177,0.0247970010701
masked,linear,0.2,0.2,0.8,4,0,5,125,0.0284746767217
masked,linear,0.2,0.2,0.8,4,0,6,89,0.0307413494865
masked,linear,0.2,0.2,0.8,4,0,7,63,0.0327021528515
masked,linear,0.2,0.2,0.8,4,0,8,45,0.0352455641995
masked,linear,0.2,0.2,0.8,4,0,9,31,0.0434934933098
masked,robust,0.2,0.2,0.8,4,0,1,501,0.0324075091085
masked,robust,0.2,0.2,0.8,4,0,2,355,0.0147547638806
masked,robust,0.2,0.2,0.8,4,0,3,251,0.012409527201
masked,robust,0.2,0.2,0.8,4,0,4,177,0.0115153893314
masked,robust,0.2,0.2,0.8,4,0,5,125,0.0128937938309
masked,robust,0.2,0.2,0.8,4,0,6,89,0.0152230647567
masked,robust,0.2,0.2,0.8,4,0,7,63,0.0166371502459
masked,robust,0.2,0.2,0.8,4,0,8,45,0.018438347531
masked,robust,0.2,0.2,0.8,4,0,9,31,0.0244826650797
masked,linear,0.2,0.2,0.8,4,1,1,501,0.0711106401537
masked,linear,0.2,0.2,0.8,4,1,2,355,0.0237899509763
masked,linear,0.2,0.2,0.8,4,1,3,251,0.021266436922
masked,linear,0.2,0.2,0.8,4,1,4,177,0.0222408962806
masked,linear,0.2,0.2,0.8,4,1,5,125,0.0249823423163
masked,linear,0.2,0.2,0.8,4,1,6,89,0.02770518666
masked,linear,0.2,0.2,0.8,4,1,7,63,0.032632220959
masked,linear,0.2,0.2,0.8,4,1,8,45,0.0375163201716
masked,linear,0.2,0.2,0.8,4,1,9,31,0.0462361783038
masked,robust,0.2,0.2,0.8,4,1,1,501,0.044990432715
masked,robust,0.2,0.2,0.8,4,1,2,355,0.0119451273777
masked,robust,0.2,0.2,0.8,4,1,3,251,0.0126063113121
masked,robust,0.2,0.2,0.8,4,1,4,177,0.0127594081725
masked,robust,0.2,0.2,0.8,4,1,5,125,0.0140491983429
masked,robust,0.2,0.2,0.8,4,1,6,89,0.0152374577897
masked,robust,0.2,0.2,0.8,4,1,7,63,0.0179543399484
masked,robust,0.2,0.2,0.8,4,1,8,45,0.0213444336305
masked,robust,0.2,0.2,0.8,4,1,9,31,0.027213657538
masked,linear,0.2,0.2,0.8,4,2,1,501,0.0406467233627
masked,linear,0.2,0.2,0.8,4,2,2,355,0.0222972682985
masked,linear,0.2,0.2,0.8,4,2,3,251,0.0239176049859
masked,linear,0.2,0.2,0.8,4,2,4,177,0.0242351010971
masked,linear,0.2,0.2,0.8,4,2,5,125,0.0252627702789
masked,linear,0.2,0.2,0.8,4,2,6,89,0.0265800191964
masked,linear,0.2,0.2,0.8,4,2,7,63,0.0302877675241
masked,linear,0.2,0.2,0.8,4,2,8,45,0.0327899189819
masked,linear,0.2,0.2,0.8,4,2,9,31,0.0435434614604
masked,robust,0.2,0.2,0.8,4,2,1,501,0.0216057340776
masked,robust,0.2,0.2,0.8,4,2,2,355,0.0132687877353
masked,robust,0.2,0.2,0.8,4,2,3,251,0.0121115353101
masked,robust,0.2,0.2,0.8,4,2,4,177,0.0118790012811
masked,robust,0.2,0.2,0.8,4,2,5,125,0.0128912580416
masked,robust,0.2,0.2,0.8,4,2,6,89,0.0161934258338
masked,robust,0.2,0.2,0.8,4,2,7,63,0.0187488246959
masked,robust,0.2,0.2,0.8,4,2,8,45,0.0184276001477
masked,robust,0.2,0.2,0.8,4,2,9,31,0.0252255451099
masked,linear,0.2,0.2,1.2,6,0,1,501,0.0691319344069
masked,linear,0.2,0.2,1.2,6,0,2,355,0.0347052458827
masked,linear,0.2,0.2,1.2,6,0,3,251,0.0293303726422
masked,linear,0.2,0.2,1.2,6,0,4,177,0.0312841356654
masked,linear,0.2,0.2,1.2,6,0,5,125,0.0371551567098
masked,linear,0.2,0.2,1.2,6,0,6,89,0.0407899374622
masked,linear,0.2,0.2,1.2,6,0,7,63,0.0440197383701
masked,linear,0.2,0.2,1.2,6,0,8,45,0.0487999401395
masked,linear,0.2,0.2,1.2,6,0,9,31,0.0612349293175
masked,robust,0.2,0.2,1.2,6,0,1,501,0.0258531702615
masked,robust,0.2,0.2,1.2,6,0,2,355,0.0141177034818
masked,robust,0.2,0.2,1.2,6,0,3,251,0.0120933906897
masked,robust,0.2,0.2,1.2,6,0,4,177,0.0107170716051
masked,robust,0.2,0.2,1.2,6,0,5,125,0.0125091751449
masked,robust,0.2,0.2,1.2,6,0,6,89,0.0150363959134
masked,robust,0.2,0.2,1.2,6,0,7,63,0.0165282945691
masked,robust,0.2,0.2,1.2,6,0,8,45,0.0192366190989
masked,robust,0.2,0.2,1.2,6,0,9,31,0.0264669018309
masked,linear,0.2,0.2,1.2,6,1,1,501,0.0794577977299
masked,linear,0.2,0.2,1.2,6,1,2,355,0.0283554968178
masked,linear,0.2,0.2,1.2,6,1,3,251,0.0279260559948
masked,linear,0.2,0.2,1.2,6,1,4,177,0.0296235856504
masked,linear,0.2,0.2,1.2,6,1,5,125,0.034571830399
masked,linear,0.2,0.2,1.2,6,1,6,89,0.0395473919272
masked,linear,0.2,0.2,1.2,6,1,7,63,0.0473606762787
masked,linear,0.2,0.2,1.2,6,1,8,45,0.0536443873523
masked,linear,0.2,0.2,1.2,6,1,9,31,0.0658893874487
masked,robust,0.2,0.2,1.2,6,1,1,501,0.0395744285883
masked,robust,0.2,0.2,1.2,6,1,2,355,0.0112854198669
masked,robust,0.2,0.2,1.2,6,1,3,251,0.0125732549289
masked,robust,0.2,0.2,1.2,6,1,4,177,0.0129011607078
masked,robust,0.2,0.2,1.2,6,1,5,125,0.0146588878189
masked,robust,0.2,0.2,1.2,6,1,6,89,0.0163640131095
masked,robust,0.2,0.2,1.2,6,1,7,63,0.0195229123995
masked,robust,0.2,0.2,1.2,6,1,8,45,0.0228965630858
masked,robust,0.2,0.2,1.2,6,1,9,31,0.0296027833687
masked,linear,0.2,0.2,1.2,6,2,1,501,0.0452748947324
masked,linear,0.2,0.2,1.2,6,2,2,355,0.0266724120761
masked,linear,0.2,0.2,1.2,6,2,3,251,0.031279228403
masked,linear,0.2,0.2,1.2,6,2,4,177,0.0320442210851
masked,linear,0.2,0.2,1.2,6,2,5,125,0.0341831135415
masked,linear,0.2,0.2,1.2,6,2,6,89,0.0355838317758
masked,linear,0.2,0.2,1.2,6,2,7,63,0.0412507968804
masked,linear,0.2,0.2,1.2,6,2,8,45,0.0472954136359
masked,linear,0.2,0.2,1.2,6,2,9,31,0.0628169180276
masked,robust,0.2,0.2,1.2,6,2,1,501,0.0181253375186
masked,robust,0.2,0.2,1.2,6,2,2,355,0.0123165637028
masked,robust,0.2,0.2,1.2,6,2,3,251,0.0117613976719
masked,robust,0.2,0.2,1.2,6,2,4,177,0.0114955430822
masked,robust,0.2,0.2,1.2,6,2,5,125,0.0126534194762
masked,robust,0.2,0.2,1.2,6,2,6,89,0.0162945424009
masked,robust,0.2,0.2,1.2,6,2,7,63,0.0190215147248
masked,robust,0.2,0.2,1.2,6,2,8,45,0.0191701984295
masked,robust,0.2,0.2,1.2,6,2,9,31,0.0270057402663
masked,linear,0.2,0.2,1.6,8,0,1,501,0.0776761117081
masked,linear,0.2,0.2,1.6,8,0,2,355,0.0425109435483
masked,linear,0.2,0.2,1.6,8,0,3,251,0.0361932137361
masked,linear,0.2,0.2,1.6,8,0,4,177,0.0382894019595
masked,linear,0.2,0.2,1.6,8,0,5,125,0.0462907565252
masked,linear,0.2,0.2,1.6,8,0,6,89,0.0512744665591
masked,linear,0.2,0.2,1.6,8,0,7,63,0.0558970105289
masked,linear,0.2,0.2,1.6,8,0,8,45,0.0629828385694
masked,linear,0.2,0.2,1.6,8,0,9,31,0.0797509911745
masked,robust,0.2,0.2,1.6,8,0,1,501,0.0223798107426
masked,robust,0.2,0.2,1.6,8,0,2,355,0.0138148408858
masked,robust,0.2,0.2,1.6,8,0,3,251,0.0119527744496
masked,robust,0.2,0.2,1.6,8,0,4,177,0.0103487497126
masked,robust,0.2,0.2,1.6,8,0,5,125,0.0124338197608
masked,robust,0.2,0.2,1.6,8,0,6,89,0.0151139473003
masked,robust,0.2,0.2,1.6,8,0,7,63,0.0165488104413
masked,robust,0.2,0.2,1.6,8,0,8,45,0.0199062434546
masked,robust,0.2,0.2,1.6,8,0,9,31,0.0280684541872
masked,linear,0.2,0.2,1.6,8,1,1,501,0.0883185441318
masked,linear,0.2,0.2,1.6,8,1,2,355,0.0342865676756
masked,linear,0.2,0.2,1.6,8,1,3,251,0.0353903767287
masked,linear,0.2,0.2,1.6,8,1,4,177,0.0378088587282
masked,linear,0.2,0.2,1.6,8,1,5,125,0.0447918496199
masked,linear,0.2,0.2,1.6,8,1,6,89,0.0518226441645
masked,linear,0.2,0.2,1.6,8,1,7,63,0.0625238795619
masked,linear,0.2,0.2,1.6,8,1,8,45,0.0702853254463
masked,linear,0.2,0.2,1.6,8,1,9,31,0.0862003709923
masked,robust,0.2,0.2,1.6,8,1,1,501,0.0361847776918
masked,robust,0.2,0.2,1.6,8,1,2,355,0.0111114571904
masked,robust,0.2,0.2,1.6,8,1,3,251,0.0127353187825
masked,robust,0.2,0.2,1.6,8,1,4,177,0.0131399995509
masked,robust,0.2,0.2,1.6,8,1,5,125,0.0151646779244
masked,robust,0.2,0.2,1.6,8,1,6,89,0.0171971554962
masked,robust,0.2,0.2,1.6,8,1,7,63,0.0205213389907
masked,robust,0.2,0.2,1.6,8,1,8,45,0.0238692155649
masked,robust,0.2,0.2,1.6,8,1,9,31,0.0312839307834
masked,linear,0.2,0.2,1.6,8,2,1,501,0.0518837765541
masked,linear,0.2,0.2,1.6,8,2,2,355,0.0319072010971
masked,linear,0.2,0.2,1.6,8,2,3,251,0.0389513502223
masked,linear,0.2,0.2,1.6,8,2,4,177,0.0403464584346
masked,linear,0.2,0.2,1.6,8,2,5,125,0.0437510508663
masked,linear,0.2,0.2,1.6,8,2,6,89,0.0453812029902
masked,linear,0.2,0.2,1.6,8,2,7,63,0.0530918816081
masked,linear,0.2,0.2,1.6,8,2,8,45,0.0625660681355
masked,linear,0.2,0.2,1.6,8,2,9,31,0.0828347726493
masked,robust,0.2,0.2,1.6,8,2,1,501,0.0177979559918
masked,robust,0.2,0.2,1.6,8,2,2,355,0.0121082706682
masked,robust,0.2,0.2,1.6,8,2,3,251,0.012000926027
masked,robust,0.2,0.2,1.6,8,2,4,177,0.0116130230467
masked,robust,0.2,0.2,1.6,8,2,5,125,0.0125792091983
masked,robust,0.2,0.2,1.6,8,2,6,89,0.0163519975158
masked,robust,0.2,0.2,1.6,8,2,7,63,0.0192259482419
masked,robust,0.2,0.2,1.6,8,2,8,45,0.019745070239
masked,robust,0.2,0.2,1.6,8,2,9,31,0.0281975293443
masked,linear,0.2,0.2,2,10,0,1,501,0.0873788103357
masked,linear,0.2,0.2,2,10,0,2,355,0.0508671147735
masked,linear,0.2,0.2,2,10,0,3,251,0.0432981526383
masked,linear,0.2,0.2,2,10,0,4,177,0.0455744965558
masked,linear,0.2,0.2,2,10,0,5,125,0.0556578172682
masked,linear,0.2,0.2,2,10,0,6,89,0.0619740779399
masked,linear,0.2,0.2,2,10,0,7,63,0.0680415024878
masked,linear,0.2,0.2,2,10,0,8,45,0.0774497332832
masked,linear,0.2,0.2,2,10,0,9,31,0.0986062677252
masked,robust,0.2,0.2,2,10,0,1,501,0.0204765545308
masked,robust,0.2,0.2,2,10,0,2,355,0.0136899221279
masked,robust,0.2,0.2,2,10,0,3,251,0.0119138556642
masked,robust,0.2,0.2,2,10,0,4,177,0.0101847223009
masked,robust,0.2,0.2,2,10,0,5,125,0.0125313365782
masked,robust,0.2,0.2,2,10,0,6,89,0.0154000339223
masked,robust,0.2,0.2,2,10,0,7,63,0.0167353092793
masked,robust,0.2,0.2,2,10,0,8,45,0.0205303679838
masked,robust,0.2,0.2,2,10,0,9,31,0.0293628539199
masked,linear,0.2,0.2,2,10,1,1,501,0.0975530317084
masked,linear,0.2,0.2,2,10,1,2,355,0.0409946988893
masked,linear,0.2,0.2,2,10,1,3,251,0.0432446970632
masked,linear,0.2,0.2,2,10,1,4,177,0.0463736604336
masked,linear,0.2,0.2,2,10,1,5,125,0.0552938733796
masked,linear,0.2,0.2,2,10,1,6,89,0.0642833422259
masked,linear,0.2,0.2,2,10,1,7,63,0.0778682696507
masked,linear,0.2,0.2,2,10,1,8,45,0.0871458221333
masked,linear,0.2,0.2,2,10,1,9,31,0.106794484533
masked,robust,0.2,0.2,2,10,1,1,501,0.0337215304393
masked,robust,0.2,0.2,2,10,1,2,355,0.010980012878
masked,robust,0.2,0.2,2,10,1,3,251,0.0128387250935
masked,robust,0.2,0.2,2,10,1,4,177,0.0133408645503
masked,robust,0.2,0.2,2,10,1,5,125,0.0155111858636
masked,robust,0.2,0.2,2,10,1,6,89,0.0177656172074
masked,robust,0.2,0.2,2,10,1,7,63,0.0211264213301
masked,robust,0.2,0.2,2,10,1,8,45,0.0244549879325
masked,robust,0.2,0.2,2,10,1,9,31,0.032512945615
masked,linear,0.2,0.2,2,10,2,1,501,0.0598204534384
masked,linear,0.2,0.2,2,10,2,2,355,0.0376447064176
masked,linear,0.2,0.2,2,10,2,3,251,0.0467814545756
masked,linear,0.2,0.2,2,10,2,4,177,0.0488912459954
masked,linear,0.2,0.2,2,10,2,5,125,0.0536210328483
masked,linear,0.2,0.2,2,10,2,6,89,0.0555538560627
masked,linear,0.2,0.2,2,10,2,7,63,0.0653353488538
masked,linear,0.2,0.2,2,10,2,8,45,0.0781546478445
masked,linear,0.2,0.2,2,10,2,9,31,0.103164607032
masked,robust,0.2,0.2,2,10,2,1,501,0.0185898426144
masked,robust,0.2,0.2,2,10,2,2,355,0.012179543205
masked,robust,0.2,0.2,2,10,2,3,251,0.0124654827219
masked,robust,0.2,0.2,2,10,2,4,177,0.0120108502481
masked,robust,0.2,0.2,2,10,2,5,125,0.0127056704998
masked,robust,0.2,0.2,2,10,2,6,89,0.0164631500669
masked,robust,0.2,0.2,2,10,2,7,63,0.0194219916777
masked,robust,0.2,0.2,2,10,2,8,45,0.0203175142409
masked,robust,0.2,0.2,2,10,2,9,31,0.0292800467854
masked,linear,0.2,0.2,2.4,12,0,1,501,0.0978961636206
masked,linear,0.2,0.2,2.4,12,0,2,355,0.0595424489237
masked,linear,0.2,0.2,2.4,12,0,3,251,0.0505431960144
masked,linear,0.2,0.2,2.4,12,0,4,177,0.0530242062274
masked,linear,0.2,0.2,2.4,12,0,5,125,0.0651565892313
masked,linear,0.2,0.2,2.4,12,0,6,89,0.0727939918188
masked,linear,0.2,0.2,2.4,12,0,7,63,0.0803321118258
masked,linear,0.2,0.2,2.4,12,0,8,45,0.092066844476
masked,linear,0.2,0.2,2.4,12,0,9,31,0.117637761338
masked,robust,0.2,0.2,2.4,12,0,1,501,0.0194154659892
masked,robust,0.2,0.2,2.4,12,0,2,355,0.0136358944758
masked,robust,0.2,0.2,2.4,12,0,3,251,0.0119234470393
masked,robust,0.2,0.2,2.4,12,0,4,177,0.0101030857651
masked,robust,0.2,0.2,2.4,12,0,5,125,0.0126700958936
masked,robust,0.2,0.2,2.4,12,0,6,89,0.0157644890538
masked,robust,0.2,0.2,2.4,12,0,7,63,0.0170487306146
masked,robust,0.2,0.2,2.4,12,0,8,45,0.0211337610142
masked,robust,0.2,0.2,2.4,12,0,9,31,0.0304496121027
masked,linear,0.2,0.2,2.4,12,1,1,501,0.107064596828
masked,linear,0.2,0.2,2.4,12,1,2,355,0.0481562461363
masked,linear,0.2,0.2,2.4,12,1,3,251,0.0513102307604
masked,linear,0.2,0.2,2.4,12,1,4,177,0.0551414234293
masked,linear,0.2,0.2,2.4,12,1,5,125,0.0659433042845
masked,linear,0.2,0.2,2.4,12,1,6,89,0.0768393201872
masked,linear,0.2,0.2,2.4,12,1,7,63,0.0933044981035
masked,linear,0.2,0.2,2.4,12,1,8,45,0.104119269691
masked,linear,0.2,0.2,2.4,12,1,9,31,0.127534643454
masked,robust,0.2,0.2,2.4,12,1,1,501,0.0317514264936
masked,robust,0.2,0.2,2.4,12,1,2,355,0.0108616174855
masked,robust,0.2,0.2,2.4,12,1,3,251,0.012890025529
masked,robust,0.2,0.2,2.4,12,1,4,177,0.0135160664342
masked,robust,0.2,0.2,2.4,12,1,5,125,0.0157873650207
masked,robust,0.2,0.2,2.4,12,1,6,89,0.0181707313821
masked,robust,0.2,0.2,2.4,12,1,7,63,0.0215073234201
masked,robust,0.2,0.2,2.4,12,1,8,45,0.0248098671027
masked,robust,0.2,0.2,2.4,12,1,9,31,0.0333267325384
masked,linear,0.2,0.2,2.4,12,2,1,501,0.0686257767403
masked,linear,0.2,0.2,2.4,12,2,2,355,0.0436873080447
masked,linear,0.2,0.2,2.4,12,2,3,251,0.0547017417793
masked,linear,0.2,0.2,2.4,12,2,4,177,0.0575706851205
masked,linear,0.2,0.2,2.4,12,2,5,125,0.0636527091868
masked,linear,0.2,0.2,2.4,12,2,6,89,0.0659283027209
masked,linear,0.2,0.2,2.4,12,2,7,63,0.0777914390839
masked,linear,0.2,0.2,2.4,12,2,8,45,0.0939029522659
masked,linear,0.2,0.2,2.4,12,2,9,31,0.123652638238
masked,robust,0.2,0.2,2.4,12,2,1,501,0.0197662171596
masked,robust,0.2,0.2,2.4,12,2,2,355,0.01228768221
masked,robust,0.2,0.2,2.4,12,2,3,251,0.0129077384222
masked,robust,0.2,0.2,2.4,12,2,4,177,0.012451888727
masked,robust,0.2,0.2,2.4,12,2,5,125,0.0128998829115
masked,robust,0.2,0.2,2.4,12,2,6,89,0.016585293394
masked,robust,0.2,0.2,2.4,12,2,7,63,0.0196057322617
masked,robust,0.2,0.2,2.4,12,2,8,45,0.0208617322091
masked,robust,0.2,0.2,2.4,12,2,9,31,0.030282837621
