model,method,sigma,contamination_probability,contamination_scale,scale_ratio,repeat,mean_rmse
masked,linear,0.4,0.1,1,2.5,0,0.0371301699846
masked,linear,0.4,0.1,1,2.5,1,0.0297659810512
masked,linear,0.4,0.1,1,2.5,2,0.0241798875895
masked,linear,0.4,0.1,1.5,3.75,0,0.0468937847927
masked,linear,0.4,0.1,1.5,3.75,1,0.038299451447
masked,linear,0.4,0.1,1.5,3.75,2,0.0308770561174
masked,linear,0.4,0.1,2,5,0,0.05743209236
masked,linear,0.4,0.1,2,5,1,0.0479836622951
masked,linear,0.4,0.1,2,5,2,0.0386095114392
masked,linear,0.4,0.1,2.5,6.25,0,0.0683919727917
masked,linear,0.4,0.1,2.5,6.25,1,0.0582567620602
masked,linear,0.4,0.1,2.5,6.25,2,0.0468715639502
masked,linear,0.4,0.1,3,7.5,0,0.0796029796414
masked,linear,0.4,0.1,3,7.5,1,0.0688586811165
masked,linear,0.4,0.1,3,7.5,2,0.0554284821816
masked,linear,0.4,0.15,1,2.5,0,0.0387062179684
masked,linear,0.4,0.15,1,2.5,1,0.0331989836877
masked,linear,0.4,0.15,1,2.5,2,0.0302660901465
masked,linear,0.4,0.15,1.5,3.75,0,0.0484856420352
masked,linear,0.4,0.15,1.5,3.75,1,0.0428968185422
masked,linear,0.4,0.15,1.5,3.75,2,0.039355519197
masked,linear,0.4,0.15,2,5,0,0.0592251664679
masked,linear,0.4,0.15,2,5,1,0.0537822869844
masked,linear,0.4,0.15,2,5,2,0.0494665750433
masked,linear,0.4,0.15,2.5,6.25,0,0.0705041059751
masked,linear,0.4,0.15,2.5,6.25,1,0.0652839362399
masked,linear,0.4,0.15,2.5,6.25,2,0.0600985888666
masked,linear,0.4,0.15,3,7.5,0,0.0821085367871
masked,linear,0.4,0.15,3,7.5,1,0.0771383008889
masked,linear,0.4,0.15,3,7.5,2,0.0710238056747
masked,linear,0.4,0.2,1,2.5,0,0.0438346720798
masked,linear,0.4,0.2,1,2.5,1,0.0427667218392
masked,linear,0.4,0.2,1,2.5,2,0.0364361656954
masked,linear,0.4,0.2,1.5,3.75,0,0.0557086455091
masked,linear,0.4,0.2,1.5,3.75,1,0.0561784218059
masked,linear,0.4,0.2,1.5,3.75,2,0.04854126836
masked,linear,0.4,0.2,2,5,0,0.068634084334
masked,linear,0.4,0.2,2,5,1,0.0705890009681
masked,linear,0.4,0.2,2,5,2,0.06176905489
masked,linear,0.4,0.2,2.5,6.25,0,0.0821322871469
masked,linear,0.4,0.2,2.5,6.25,1,0.0854980810403
masked,linear,0.4,0.2,2.5,6.25,2,0.0755408131716
masked,linear,0.4,0.2,3,7.5,0,0.0959720505147
masked,linear,0.4,0.2,3,7.5,1,0.10068754301
masked,linear,0.4,0.2,3,7.5,2,0.0896093474668
masked,linear,0.4,0.25,1,2.5,0,0.0482399841968
masked,linear,0.4,0.25,1,2.5,1,0.0475404244702
masked,linear,0.4,0.25,1,2.5,2,0.0422146377609
masked,linear,0.4,0.25,1.5,3.75,0,0.0612660002376
masked,linear,0.4,0.25,1.5,3.75,1,0.0628679434361
masked,linear,0.4,0.25,1.5,3.75,2,0.0559159388257
masked,linear,0.4,0.25,2,5,0,0.0753604017
masked,linear,0.4,0.25,2,5,1,0.0791264970031
masked,linear,0.4,0.25,2,5,2,0.0706278816343
masked,linear,0.4,0.25,2.5,6.25,0,0.0900697645796
masked,linear,0.4,0.25,2.5,6.25,1,0.0958404480417
masked,linear,0.4,0.25,2.5,6.25,2,0.0858551904707
masked,linear,0.4,0.25,3,7.5,0,0.105164705934
masked,linear,0.4,0.25,3,7.5,1,0.112809695429
masked,linear,0.4,0.25,3,7.5,2,0.101379408789
masked,linear,0.4,0.3,1,2.5,0,0.0533356836529
masked,linear,0.4,0.3,1,2.5,1,0.0514484796058
masked,linear,0.4,0.3,1,2.5,2,0.0479293048044
masked,linear,0.4,0.3,1.5,3.75,0,0.0679091942366
masked,linear,0.4,0.3,1.5,3.75,1,0.0679106653666
masked,linear,0.4,0.3,1.5,3.75,2,0.0637958483985
masked,linear,0.4,0.3,2,5,0,0.0835213422059
masked,linear,0.4,0.3,2,5,1,0.0852530406983
masked,linear,0.4,0.3,2,5,2,0.0808756102598
masked,linear,0.4,0.3,2.5,6.25,0,0.0997342369383
masked,linear,0.4,0.3,2.5,6.25,1,0.103024159691
masked,linear,0.4,0.3,2.5,6.25,2,0.0985578477533
masked,linear,0.4,0.3,3,7.5,0,0.11632725202
masked,linear,0.4,0.3,3,7.5,1,0.121038914856
masked,linear,0.4,0.3,3,7.5,2,0.11657499611
masked,linear,0.6,0.1,1,1.66666666667,0,0.0440339411524
masked,linear,0.6,0.1,1,1.66666666667,1,0.0358301430039
masked,linear,0.6,0.1,1,1.66666666667,2,0.0309527304434
masked,linear,0.6,0.1,1.5,2.5,0,0.0527790447922
masked,linear,0.6,0.1,1.5,2.5,1,0.0431028968671
masked,linear,0.6,0.1,1.5,2.5,2,0.036197394759
masked,linear,0.6,0.1,2,3.33333333333,0,0.0625478500323
masked,linear,0.6,0.1,2,3.33333333333,1,0.0518470737742
masked,linear,0.6,0.1,2,3.33333333333,2,0.042764081012
masked,linear,0.6,0.1,2.5,4.16666666667,0,0.0729291412405
masked,linear,0.6,0.1,2.5,4.16666666667,1,0.0614414564601
masked,linear,0.6,0.1,2.5,4.16666666667,2,0.0501461648364
masked,linear,0.6,0.1,3,5,0,0.0836970788439
masked,linear,0.6,0.1,3,5,1,0.071544913139
masked,linear,0.6,0.1,3,5,2,0.0580407101201
masked,linear,0.6,0.15,1,1.66666666667,0,0.0455216860166
masked,linear,0.6,0.15,1,1.66666666667,1,0.0385973260215
masked,linear,0.6,0.15,1,1.66666666667,2,0.0353623200666
masked,linear,0.6,0.15,1.5,2.5,0,0.0542725424765
masked,linear,0.6,0.15,1.5,2.5,1,0.0470070942077
masked,linear,0.6,0.15,1.5,2.5,2,0.0432453000418
masked,linear,0.6,0.15,2,3.33333333333,0,0.0642161382548
masked,linear,0.6,0.15,2,3.33333333333,1,0.0569730968235
masked,linear,0.6,0.15,2,3.33333333333,2,0.0524809188943
masked,linear,0.6,0.15,2.5,4.16666666667,0,0.0748902863326
masked,linear,0.6,0.15,2.5,4.16666666667,1,0.0678276238972
masked,linear,0.6,0.15,2.5,4.16666666667,2,0.0624839957574
masked,linear,0.6,0.15,3,5,0,0.0860302825941
masked,linear,0.6,0.15,3,5,1,0.0792144519697
masked,linear,0.6,0.15,3,5,2,0.0729470994255
masked,linear,0.6,0.2,1,1.66666666667,0,0.0500357163835
masked,linear,0.6,0.2,1,1.66666666667,1,0.0474645332405
masked,linear,0.6,0.2,1,1.66666666667,2,0.0405805796247
masked,linear,0.6,0.2,1.5,2.5,0,0.0608199621029
masked,linear,0.6,0.2,1.5,2.5,1,0.0597237655122
masked,linear,0.6,0.2,1.5,2.5,2,0.0516036021745
masked,linear,0.6,0.2,2,3.33333333333,0,0.0729519810348
masked,linear,0.6,0.2,2,3.33333333333,1,0.0733645896918
masked,linear,0.6,0.2,2,3.33333333333,2,0.0641139720277
masked,linear,0.6,0.2,2.5,4.16666666667,0,0.0858694277061
masked,linear,0.6,0.2,2.5,4.16666666667,1,0.0877431096003
masked,linear,0.6,0.2,2.5,4.16666666667,2,0.0773979756312
masked,linear,0.6,0.2,3,5,0,0.0992732439999
masked,linear,0.6,0.2,3,5,1,0.102551063462
masked,linear,0.6,0.2,3,5,2,0.0911198672177
masked,linear,0.6,0.25,1,1.66666666667,0,0.054140820631
masked,linear,0.6,0.25,1,1.66666666667,1,0.0518678690731
masked,linear,0.6,0.25,1,1.66666666667,2,0.0454924490021
masked,linear,0.6,0.25,1.5,2.5,0,0.0661481145378
masked,linear,0.6,0.25,1.5,2.5,1,0.0661236866347
masked,linear,0.6,0.25,1.5,2.5,2,0.0583039119535
masked,linear,0.6,0.25,2,3.33333333333,0,0.0795021912002
masked,linear,0.6,0.25,2,3.33333333333,1,0.0816907755698
masked,linear,0.6,0.25,2,3.33333333333,2,0.072471176528
masked,linear,0.6,0.25,2.5,4.16666666667,0,0.0936621711865
masked,linear,0.6,0.25,2.5,4.16666666667,1,0.0979330855228
masked,linear,0.6,0.25,2.5,4.16666666667,2,0.0873444992249
masked,linear,0.6,0.25,3,5,0,0.108338506609
masked,linear,0.6,0.25,3,5,1,0.114563342493
masked,linear,0.6,0.25,3,5,2,0.102623457447
masked,linear,0.6,0.3,1,1.66666666667,0,0.0590841941506
masked,linear,0.6,0.3,1,1.66666666667,1,0.0558856450384
masked,linear,0.6,0.3,1,1.66666666667,2,0.0512715880133
masked,linear,0.6,0.3,1.5,2.5,0,0.0727357656034
masked,linear,0.6,0.3,1.5,2.5,1,0.0714079450599
masked,linear,0.6,0.3,1.5,2.5,2,0.066503928521
masked,linear,0.6,0.3,2,3.33333333333,0,0.0876909833504
masked,linear,0.6,0.3,2,3.33333333333,1,0.0881610134501
masked,linear,0.6,0.3,2,3.33333333333,2,0.0831825203428
masked,linear,0.6,0.3,2.5,4.16666666667,0,0.103419491015
masked,linear,0.6,0.3,2.5,4.16666666667,1,0.105533703841
masked,linear,0.6,0.3,2.5,4.16666666667,2,0.10059436479
masked,linear,0.6,0.3,3,5,0,0.119643372379
masked,linear,0.6,0.3,3,5,1,0.123261944043
masked,linear,0.6,0.3,3,5,2,0.118418529997
masked,linear,0.8,0.1,1,1.25,0,0.0517606333087
masked,linear,0.8,0.1,1,1.25,1,0.0428385025332
masked,linear,0.8,0.1,1,1.25,2,0.0389317628305
masked,linear,0.8,0.1,1.5,1.875,0,0.0595964280232
masked,linear,0.8,0.1,1.5,1.875,1,0.0490161863137
masked,linear,0.8,0.1,1.5,1.875,2,0.0430494681581
masked,linear,0.8,0.1,2,2.5,0,0.0685947947981
masked,linear,0.8,0.1,2,2.5,1,0.0568085497115
masked,linear,0.8,0.1,2,2.5,2,0.0485481569888
masked,linear,0.8,0.1,2.5,3.125,0,0.0783517932683
masked,linear,0.8,0.1,2.5,3.125,1,0.0656458779437
masked,linear,0.8,0.1,2.5,3.125,2,0.0550122637
masked,linear,0.8,0.1,3,3.75,0,0.088617038823
masked,linear,0.8,0.1,3,3.75,1,0.07515858049
masked,linear,0.8,0.1,3,3.75,2,0.0621474822094
masked,linear,0.8,0.15,1,1.25,0,0.0531673901985
masked,linear,0.8,0.15,1,1.25,1,0.0450555615627
masked,linear,0.8,0.15,1,1.25,2,0.0422464401926
masked,linear,0.8,0.15,1.5,1.875,0,0.0609975649597
masked,linear,0.8,0.15,1.5,1.875,1,0.0522753314074
masked,linear,0.8,0.15,1.5,1.875,2,0.0489691189066
masked,linear,0.8,0.15,2,2.5,0,0.0701442855674
masked,linear,0.8,0.15,2,2.5,1,0.0612597533969
masked,linear,0.8,0.15,2,2.5,2,0.0572239920781
masked,linear,0.8,0.15,2.5,3.125,0,0.0801660849567
masked,linear,0.8,0.15,2.5,3.125,1,0.0713599675425
masked,linear,0.8,0.15,2.5,3.125,2,0.0664460870385
masked,linear,0.8,0.15,3,3.75,0,0.090779185351
masked,linear,0.8,0.15,3,3.75,1,0.0821721305694
masked,linear,0.8,0.15,3,3.75,2,0.0762935016619
masked,linear,0.8,0.2,1,1.25,0,0.0571663923226
masked,linear,0.8,0.2,1,1.25,1,0.0532047289863
masked,linear,0.8,0.2,1,1.25,2,0.0464376298642
masked,linear,0.8,0.2,1.5,1.875,0,0.0669072623076
masked,linear,0.8,0.2,1.5,1.875,1,0.0642810062803
masked,linear,0.8,0.2,1.5,1.875,2,0.0562326431395
masked,linear,0.8,0.2,2,2.5,0,0.0781948415579
masked,linear,0.8,0.2,2,2.5,1,0.0770451920721
masked,linear,0.8,0.2,2,2.5,2,0.0678183127364
masked,linear,0.8,0.2,2.5,3.125,0,0.0904536704501
masked,linear,0.8,0.2,2.5,3.125,1,0.0907832728806
masked,linear,0.8,0.2,2.5,3.125,2,0.0804273068565
masked,linear,0.8,0.2,3,3.75,0,0.103342907449
masked,linear,0.8,0.2,3,3.75,1,0.10511444872
masked,linear,0.8,0.2,3,3.75,2,0.0936492358816
masked,linear,0.8,0.25,1,1.25,0,0.0609638421041
masked,linear,0.8,0.25,1,1.25,1,0.0572529758404
masked,linear,0.8,0.25,1,1.25,2,0.0505468830836
masked,linear,0.8,0.25,1.5,1.875,0,0.0719568013312
masked,linear,0.8,0.25,1.5,1.875,1,0.0703460495447
masked,linear,0.8,0.25,1.5,1.875,2,0.0622917854787
masked,linear,0.8,0.25,2,2.5,0,0.0845077542702
masked,linear,0.8,0.25,2,2.5,1,0.0850954654941
masked,linear,0.8,0.25,2,2.5,2,0.0757026068592
masked,linear,0.8,0.25,2.5,3.125,0,0.0980414328697
masked,linear,0.8,0.25,2.5,3.125,1,0.100754785523
masked,linear,0.8,0.25,2.5,3.125,2,0.0900369074476
masked,linear,0.8,0.25,3,3.75,0,0.112225032851
masked,linear,0.8,0.25,3,3.75,1,0.116955231651
masked,linear,0.8,0.25,3,3.75,2,0.104919602348
masked,linear,0.8,0.3,1,1.25,0,0.0657233630541
masked,linear,0.8,0.3,1,1.25,1,0.0612980059722
masked,linear,0.8,0.3,1,1.25,2,0.0560494862577
masked,linear,0.8,0.3,1.5,1.875,0,0.0784237099945
masked,linear,0.8,0.3,1.5,1.875,1,0.0757644816952
masked,linear,0.8,0.3,1.5,1.875,2,0.0704377716217
masked,linear,0.8,0.3,2,2.5,0,0.0926478852466
masked,linear,0.8,0.3,2,2.5,1,0.091803160638
masked,linear,0.8,0.3,2,2.5,2,0.0865172085946
masked,linear,0.8,0.3,2.5,3.125,0,0.107814694736
masked,linear,0.8,0.3,2.5,3.125,1,0.108675737439
masked,linear,0.8,0.3,2.5,3.125,2,0.103502365753
masked,linear,0.8,0.3,3,3.75,0,0.12359949517
masked,linear,0.8,0.3,3,3.75,1,0.126037747694
masked,linear,0.8,0.3,3,3.75,2,0.121013246541
masked,robust,0.4,0.1,1,2.5,0,0.0262012039525
masked,robust,0.4,0.1,1,2.5,1,0.0238982844491
masked,robust,0.4,0.1,1,2.5,2,0.0198777254368
masked,robust,0.4,0.1,1.5,3.75,0,0.026507716806
masked,robust,0.4,0.1,1.5,3.75,1,0.0249177811031
masked,robust,0.4,0.1,1.5,3.75,2,0.0209576154966
masked,robust,0.4,0.1,2,5,0,0.0267272025341
masked,robust,0.4,0.1,2,5,1,0.0254844416657
masked,robust,0.4,0.1,2,5,2,0.0216606691583
masked,robust,0.4,0.1,2.5,6.25,0,0.0269477136732
masked,robust,0.4,0.1,2.5,6.25,1,0.0258175696401
masked,robust,0.4,0.1,2.5,6.25,2,0.0221505113921
masked,robust,0.4,0.1,3,7.5,0,0.0271738581049
masked,robust,0.4,0.1,3,7.5,1,0.0260482111722
masked,robust,0.4,0.1,3,7.5,2,0.0225748754127
masked,robust,0.4,0.15,1,2.5,0,0.0276067900895
masked,robust,0.4,0.15,1,2.5,1,0.0257150739654
masked,robust,0.4,0.15,1,2.5,2,0.0230237548566
masked,robust,0.4,0.15,1.5,3.75,0,0.0275992877149
masked,robust,0.4,0.15,1.5,3.75,1,0.0269061015708
masked,robust,0.4,0.15,1.5,3.75,2,0.0245173854669
masked,robust,0.4,0.15,2,5,0,0.0276641014382
masked,robust,0.4,0.15,2,5,1,0.027636266432
masked,robust,0.4,0.15,2,5,2,0.0257954862971
masked,robust,0.4,0.15,2.5,6.25,0,0.0278943153144
masked,robust,0.4,0.15,2.5,6.25,1,0.0280868473613
masked,robust,0.4,0.15,2.5,6.25,2,0.0268805906684
masked,robust,0.4,0.15,3,7.5,0,0.0282032609804
masked,robust,0.4,0.15,3,7.5,1,0.0283925434698
masked,robust,0.4,0.15,3,7.5,2,0.0278326295064
masked,robust,0.4,0.2,1,2.5,0,0.0296656233847
masked,robust,0.4,0.2,1,2.5,1,0.0311416366269
masked,robust,0.4,0.2,1,2.5,2,0.0263041354869
masked,robust,0.4,0.2,1.5,3.75,0,0.0298409144894
masked,robust,0.4,0.2,1.5,3.75,1,0.0329845594605
masked,robust,0.4,0.2,1.5,3.75,2,0.0279560042892
masked,robust,0.4,0.2,2,5,0,0.0301642533734
masked,robust,0.4,0.2,2,5,1,0.0341887311654
masked,robust,0.4,0.2,2,5,2,0.0293406290233
masked,robust,0.4,0.2,2.5,6.25,0,0.0306161966642
masked,robust,0.4,0.2,2.5,6.25,1,0.0349898706123
masked,robust,0.4,0.2,2.5,6.25,2,0.0305307247772
masked,robust,0.4,0.2,3,7.5,0,0.0311068135676
masked,robust,0.4,0.2,3,7.5,1,0.035524024743
masked,robust,0.4,0.2,3,7.5,2,0.0316104877158
masked,robust,0.4,0.25,1,2.5,0,0.0333287829015
masked,robust,0.4,0.25,1,2.5,1,0.0319109412285
masked,robust,0.4,0.25,1,2.5,2,0.0291068530381
masked,robust,0.4,0.25,1.5,3.75,0,0.0339535241084
masked,robust,0.4,0.25,1.5,3.75,1,0.0335170990462
masked,robust,0.4,0.25,1.5,3.75,2,0.0306465381246
masked,robust,0.4,0.25,2,5,0,0.0344984777892
masked,robust,0.4,0.25,2,5,1,0.0346825367904
masked,robust,0.4,0.25,2,5,2,0.0320721303964
masked,robust,0.4,0.25,2.5,6.25,0,0.0350333676399
masked,robust,0.4,0.25,2.5,6.25,1,0.0355398842736
masked,robust,0.4,0.25,2.5,6.25,2,0.0333914296766
masked,robust,0.4,0.25,3,7.5,0,0.035531527285
masked,robust,0.4,0.25,3,7.5,1,0.0361540279202
masked,robust,0.4,0.25,3,7.5,2,0.0346137061455
masked,robust,0.4,0.3,1,2.5,0,0.0369068051262
masked,robust,0.4,0.3,1,2.5,1,0.0344406075044
masked,robust,0.4,0.3,1,2.5,2,0.0331481404992
masked,robust,0.4,0.3,1.5,3.75,0,0.0380955541957
masked,robust,0.4,0.3,1.5,3.75,1,0.0364715400032
masked,robust,0.4,0.3,1.5,3.75,2,0.0350140018215
masked,robust,0.4,0.3,2,5,0,0.0388675521604
masked,robust,0.4,0.3,2,5,1,0.0380763274192
masked,robust,0.4,0.3,2,5,2,0.0368354949765
masked,robust,0.4,0.3,2.5,6.25,0,0.0395432852815
masked,robust,0.4,0.3,2.5,6.25,1,0.0393462115098
masked,robust,0.4,0.3,2.5,6.25,2,0.0385928170545
masked,robust,0.4,0.3,3,7.5,0,0.0401806714566
masked,robust,0.4,0.3,3,7.5,1,0.0403219511475
masked,robust,0.4,0.3,3,7.5,2,0.0402385560819
masked,robust,0.6,0.1,1,1.66666666667,0,0.0370142642022
masked,robust,0.6,0.1,1,1.66666666667,1,0.0325204295965
masked,robust,0.6,0.1,1,1.66666666667,2,0.0285628015381
masked,robust,0.6,0.1,1.5,2.5,0,0.0380642030082
masked,robust,0.6,0.1,1.5,2.5,1,0.0343829494295
masked,robust,0.6,0.1,1.5,2.5,2,0.0299413931201
masked,robust,0.6,0.1,2,3.33333333333,0,0.0387011361237
masked,robust,0.6,0.1,2,3.33333333333,1,0.0357065856076
masked,robust,0.6,0.1,2,3.33333333333,2,0.0311381793746
masked,robust,0.6,0.1,2.5,4.16666666667,0,0.0391529607159
masked,robust,0.6,0.1,2.5,4.16666666667,1,0.0366041311117
masked,robust,0.6,0.1,2.5,4.16666666667,2,0.0320311182352
masked,robust,0.6,0.1,3,5,0,0.0395321721468
masked,robust,0.6,0.1,3,5,1,0.0372088825922
masked,robust,0.6,0.1,3,5,2,0.032688469723
masked,robust,0.6,0.15,1,1.66666666667,0,0.0384707350379
masked,robust,0.6,0.15,1,1.66666666667,1,0.0343085969434
masked,robust,0.6,0.15,1,1.66666666667,2,0.0312332750099
masked,robust,0.6,0.15,1.5,2.5,0,0.0394099457622
masked,robust,0.6,0.15,1.5,2.5,1,0.0365116726986
masked,robust,0.6,0.15,1.5,2.5,2,0.03370814976
masked,robust,0.6,0.15,2,3.33333333333,0,0.0399487462455
masked,robust,0.6,0.15,2,3.33333333333,1,0.0381635086497
masked,robust,0.6,0.15,2,3.33333333333,2,0.0358773162238
masked,robust,0.6,0.15,2.5,4.16666666667,0,0.0403579617521
masked,robust,0.6,0.15,2.5,4.16666666667,1,0.0393200996805
masked,robust,0.6,0.15,2.5,4.16666666667,2,0.0376472379823
masked,robust,0.6,0.15,3,5,0,0.0407785945163
masked,robust,0.6,0.15,3,5,1,0.0401189610288
masked,robust,0.6,0.15,3,5,2,0.0391003183654
masked,robust,0.6,0.2,1,1.66666666667,0,0.0406385301577
masked,robust,0.6,0.2,1,1.66666666667,1,0.0402225942606
masked,robust,0.6,0.2,1,1.66666666667,2,0.0347824279139
masked,robust,0.6,0.2,1.5,2.5,0,0.0416361227484
masked,robust,0.6,0.2,1.5,2.5,1,0.0437556559747
masked,robust,0.6,0.2,1.5,2.5,2,0.0377683695367
masked,robust,0.6,0.2,2,3.33333333333,0,0.0424993187543
masked,robust,0.6,0.2,2,3.33333333333,1,0.0463256711966
masked,robust,0.6,0.2,2,3.33333333333,2,0.0402733593239
masked,robust,0.6,0.2,2.5,4.16666666667,0,0.0432928500844
masked,robust,0.6,0.2,2.5,4.16666666667,1,0.0481710609414
masked,robust,0.6,0.2,2.5,4.16666666667,2,0.042301171631
masked,robust,0.6,0.2,3,5,0,0.0440778491954
masked,robust,0.6,0.2,3,5,1,0.0495099808549
masked,robust,0.6,0.2,3,5,2,0.0439604898331
masked,robust,0.6,0.25,1,1.66666666667,0,0.0442441944729
masked,robust,0.6,0.25,1,1.66666666667,1,0.0410840895207
masked,robust,0.6,0.25,1,1.66666666667,2,0.0375380734467
masked,robust,0.6,0.25,1.5,2.5,0,0.0459460734485
masked,robust,0.6,0.25,1.5,2.5,1,0.0443389874254
masked,robust,0.6,0.25,1.5,2.5,2,0.0407493317881
masked,robust,0.6,0.25,2,3.33333333333,0,0.0473506797588
masked,robust,0.6,0.25,2,3.33333333333,1,0.0467355680493
masked,robust,0.6,0.25,2,3.33333333333,2,0.0434939497439
masked,robust,0.6,0.25,2.5,4.16666666667,0,0.0485205500374
masked,robust,0.6,0.25,2.5,4.16666666667,1,0.0485491720648
masked,robust,0.6,0.25,2.5,4.16666666667,2,0.0457645376671
masked,robust,0.6,0.25,3,5,0,0.0495623012854
masked,robust,0.6,0.25,3,5,1,0.0499587456579
masked,robust,0.6,0.25,3,5,2,0.0476624405277
masked,robust,0.6,0.3,1,1.66666666667,0,0.0477412497085
masked,robust,0.6,0.3,1,1.66666666667,1,0.0436192946116
masked,robust,0.6,0.3,1,1.66666666667,2,0.0421038230702
masked,robust,0.6,0.3,1.5,2.5,0,0.0505270269407
masked,robust,0.6,0.3,1.5,2.5,1,0.0474196990279
masked,robust,0.6,0.3,1.5,2.5,2,0.0459372046293
masked,robust,0.6,0.3,2,3.33333333333,0,0.0526602943791
masked,robust,0.6,0.3,2,3.33333333333,1,0.0503622853172
masked,robust,0.6,0.3,2,3.33333333333,2,0.0493165300005
masked,robust,0.6,0.3,2.5,4.16666666667,0,0.0542126666613
masked,robust,0.6,0.3,2.5,4.16666666667,1,0.052739757055
masked,robust,0.6,0.3,2.5,4.16666666667,2,0.0522587729768
masked,robust,0.6,0.3,3,5,0,0.0554547919465
masked,robust,0.6,0.3,3,5,1,0.0547148991491
masked,robust,0.6,0.3,3,5,2,0.0548202108823
masked,robust,0.8,0.1,1,1.25,0,0.0471297237513
masked,robust,0.8,0.1,1,1.25,1,0.0408427016563
masked,robust,0.8,0.1,1,1.25,2,0.0374269533593
masked,robust,0.8,0.1,1.5,1.875,0,0.0488421975467
masked,robust,0.8,0.1,1.5,1.875,1,0.0431995257071
masked,robust,0.8,0.1,1.5,1.875,2,0.0387822598791
masked,robust,0.8,0.1,2,2.5,0,0.0500314870409
masked,robust,0.8,0.1,2,2.5,1,0.0451162488372
masked,robust,0.8,0.1,2,2.5,2,0.0401750384159
masked,robust,0.8,0.1,2.5,3.125,0,0.0508555796214
masked,robust,0.8,0.1,2.5,3.125,1,0.0465876821075
masked,robust,0.8,0.1,2.5,3.125,2,0.0414060257062
masked,robust,0.8,0.1,3,3.75,0,0.0514704048274
masked,robust,0.8,0.1,3,3.75,1,0.0476922449909
masked,robust,0.8,0.1,3,3.75,2,0.0423995613856
masked,robust,0.8,0.15,1,1.25,0,0.0485309330047
masked,robust,0.8,0.15,1,1.25,1,0.0424618426836
masked,robust,0.8,0.15,1,1.25,2,0.0395687521687
masked,robust,0.8,0.15,1.5,1.875,0,0.0502336403594
masked,robust,0.8,0.15,1.5,1.875,1,0.0452693797193
masked,robust,0.8,0.15,1.5,1.875,2,0.0423423051443
masked,robust,0.8,0.15,2,2.5,0,0.0514517224084
masked,robust,0.8,0.15,2,2.5,1,0.0476763584688
masked,robust,0.8,0.15,2,2.5,2,0.0450789059849
masked,robust,0.8,0.15,2.5,3.125,0,0.0522971997806
masked,robust,0.8,0.15,2.5,3.125,1,0.0495669038697
masked,robust,0.8,0.15,2.5,3.125,2,0.0474830850651
masked,robust,0.8,0.15,3,3.75,0,0.0529504434364
masked,robust,0.8,0.15,3,3.75,1,0.0510017285618
masked,robust,0.8,0.15,3,3.75,2,0.0495106728158
masked,robust,0.8,0.2,1,1.25,0,0.0507742443993
masked,robust,0.8,0.2,1,1.25,1,0.0483858122103
masked,robust,0.8,0.2,1,1.25,2,0.0429534301374
masked,robust,0.8,0.2,1.5,1.875,0,0.0524762735791
masked,robust,0.8,0.2,1.5,1.875,1,0.0529632573399
masked,robust,0.8,0.2,1.5,1.875,2,0.0466997161714
masked,robust,0.8,0.2,2,2.5,0,0.0539304250123
masked,robust,0.8,0.2,2,2.5,1,0.0567767400558
masked,robust,0.8,0.2,2,2.5,2,0.0500227430962
masked,robust,0.8,0.2,2.5,3.125,0,0.0551760862106
masked,robust,0.8,0.2,2.5,3.125,1,0.0597348450535
masked,robust,0.8,0.2,2.5,3.125,2,0.0528622157379
masked,robust,0.8,0.2,3,3.75,0,0.0562781302582
masked,robust,0.8,0.2,3,3.75,1,0.062007815726
masked,robust,0.8,0.2,3,3.75,2,0.0552448061878
masked,robust,0.8,0.25,1,1.25,0,0.0542128296274
masked,robust,0.8,0.25,1,1.25,1,0.0493192629559
masked,robust,0.8,0.25,1,1.25,2,0.0455897602737
masked,robust,0.8,0.25,1.5,1.875,0,0.0567328296033
masked,robust,0.8,0.25,1.5,1.875,1,0.0536256172683
masked,robust,0.8,0.25,1.5,1.875,2,0.0498568325951
masked,robust,0.8,0.25,2,2.5,0,0.0588971514215
masked,robust,0.8,0.25,2,2.5,1,0.0572206664324
masked,robust,0.8,0.25,2,2.5,2,0.0536205539193
masked,robust,0.8,0.25,2.5,3.125,0,0.0607323605609
masked,robust,0.8,0.25,2.5,3.125,1,0.0600417705583
masked,robust,0.8,0.25,2.5,3.125,2,0.0568414583817
masked,robust,0.8,0.25,3,3.75,0,0.0623042293301
masked,robust,0.8,0.25,3,3.75,1,0.0622844409178
masked,robust,0.8,0.25,3,3.75,2,0.0595505615524
masked,robust,0.8,0.3,1,1.25,0,0.057464162154
masked,robust,0.8,0.3,1,1.25,1,0.0519011526807
masked,robust,0.8,0.3,1,1.25,2,0.0503609632043
masked,robust,0.8,0.3,1.5,1.875,0,0.0612231206643
masked,robust,0.8,0.3,1.5,1.875,1,0.0567393689625
masked,robust,0.8,0.3,1.5,1.875,2,0.0557133436464
masked,robust,0.8,0.3,2,2.5,0,0.0645084380945
masked,robust,0.8,0.3,2,2.5,1,0.0609518760549
masked,robust,0.8,0.3,2,2.5,2,0.0603050709966
masked,robust,0.8,0.3,2.5,3.125,0,0.067160282687
masked,robust,0.8,0.3,2.5,3.125,1,0.0643996559723
masked,robust,0.8,0.3,2.5,3.125,2,0.0643342084114
masked,robust,0.8,0.3,3,3.75,0,0.0692407914829
masked,robust,0.8,0.3,3,3.75,1,0.0672902418753
masked,robust,0.8,0.3,3,3.75,2,0.0678523393893
